barcode	L2_Methotrexate_sims_A53.3_9	L2_DMSO_sims_A53.3_4	L2_BMN.673_sims_A53.3_8	L2_JQ1_sims_A53.3_7	L2_DMSO_sims_A53.3_1	L2_DMSO_sims_A53.3_3	L2_DMSO_sims_A53.3_2	L2_BIIB_sims_A53.3_6
GATTTAAGTAGGTAACATCTG	0	2	0	2	8	2	2	1
TACTATCATCCTCCCCCAACC	14	10	26	33	86	93	44	51
TTCATCCCACCGCTCCAATAC	98	121	129	503	497	372	400	742
AAGGCAGATGAACGGATTTACAGTA	642	778	1987	1149	2444	1862	1714	3143
AGGACCGTTGGTCAAAGCGCTCTTC	13	16	56	88	88	60	86	100
AAGGACCACATTCATGTAACATTGG	327	619	1111	689	1185	1145	1112	969
AGCCTCCGGAATGGATAGCTGAA	57	242	365	263	535	408	487	426
AGGCGAAGGGTCTGTATACGGTAGG	374	574	991	1012	1447	1060	1121	924
AGGTAAACCAAAAGCCGATATTGAG	20	144	228	307	590	589	448	388
CCAAGCAATGAATAGCCGTAGTCAA	494	1500	2138	2477	3944	3318	2828	2709
CCATATAAATCGTCCCCTGGCCTTG	290	519	1392	918	2078	1581	1637	1296
CGGACACGGTCTCTTGCGAAGGG	12	34	40	48	55	80	62	48
CGTGCTACGCAGGAATACTGAGG	142	229	425	247	546	409	448	331
TACACGCTCTGTAACCACACTAC	51	127	186	320	331	293	314	203
TCCTAAGTACCACGATCCCGAGA	320	659	937	3108	2325	1865	1804	3083
AAATACGAGTATCAGCCGTCGAAG	7	15	18	42	41	34	28	19
AAAAACGACTTCTATGAAGGACCA	1	49	29	63	163	101	131	48
AAACTTATCTCACATAAGCTGATGA	39	139	166	343	520	350	489	308
AAACCTAAGAACCGTATTGCGAAAA	9	56	76	132	161	169	146	163
AAGACACTTGGGCCCAGAGGTAAT	17	145	178	243	470	387	319	160
AAGCTGTCGAAATGCTCATCTTAG	19	41	56	40	109	53	60	51
AAAGATTTCCCTAACACACGGCCCC	47	165	352	355	637	355	464	292
AAATCGATCAGGATACAGTTGGTTT	18	142	194	195	415	388	377	115
AATCGGTACGACCCAGAGTCCAGT	36	77	192	156	249	216	185	192
AAATACCGGACGATTGATTTCACAG	1	30	24	50	133	135	117	3
AAATACCGAAACCCAATGCCTCGTT	64	267	409	541	879	641	717	563
ACGATGGAGAAATGTTTACAGTTT	13	51	107	111	176	116	146	63
CACTACGGGAAACTTACAACAGCAT	187	606	1203	802	1477	1157	1098	884
AGGACACGTCCACGTGTGCTATGAT	285	231	671	635	587	505	549	674
AGAGGGACCGATAAATTAGGGTGA	8	14	54	20	50	36	23	34
AGCCTGTGCGGGTAAGTATACGCG	361	620	836	1719	1453	1377	1416	1158
AGGCCTAGACTATCTGAAATCGGGG	116	1060	1465	2184	2269	1805	1583	313
AGCCATGCCCCACCATGCGCCCCT	89	235	351	464	527	417	400	376
AGGCAGTGGAGAAAACTTTTTGTCG	60	276	407	540	884	555	541	180
AGTCTTGGTTATAACTTCGGTTCG	14	54	95	120	160	106	104	145
AGGTGTTACCCGACTCGGTTGACTG	220	435	726	544	1359	917	873	376
ATAAACTATACACCTTACGAGTTG	1	2	10	7	21	5	15	12
ATCCAGGCCCTCTGTCTAAGCCGC	4	2	22	12	22	20	20	36
ATTAATTGAAAACACAAATCACAG	2	10	23	23	35	41	34	32
CAACTTAGCGTAACATTTCCAATC	212	1088	1499	2454	3563	2595	2337	1554
CCACCCGTCAAATCATGAACTTTTC	43	60	210	632	388	357	324	468
CCACAGCGAAACGAACAAAGCCGAT	161	625	1119	1209	1982	1471	1465	462
CCACGTCCCCATCCCTTAACCAAAG	27	13	94	61	130	93	90	80
CACACCGTCAAAACATCCTTGAGAG	291	784	805	1163	1540	1504	1269	1161
CAACATCCGTCGCACCATAAACGAG	180	361	489	653	989	795	726	106
CACTCGTTGGTTCCCTGTAGTTCG	7	10	20	17	43	37	24	7
CACAACTAACCATTACGAAAACGC	1	8	6	29	16	11	21	30
CCAGTGAGGTAGAATATAAACCCAC	231	6130	7704	3216	18824	16727	14207	2317
CATAGCTCGGGCTTTCCCGATCCA	4	68	58	32	192	223	112	48
CCCATCGTGAAACGTAAATGGAAGG	280	520	1049	1382	1421	1320	1040	967
CCAGTGAGGTAGAATATAACCACC	0	3	1	0	2	3	2	0
CCCTCCATCTTTACCAGTGTAGCTT	139	341	515	496	1284	1165	817	688
CCCTGTTGACCGCGGTGGCCTAATG	39	112	206	184	311	219	242	136
CCCTCGCATATGAAGCTGAAGTCTT	48	151	350	316	478	366	320	414
CCCTGTGCGTTGGCTTCACCCAGCG	109	294	621	466	834	624	576	438
CCTACCCATGGCTCCCTCACCCAC	10	52	119	164	187	142	82	21
CCCTTGCCTGCATGCCTGATGATTT	232	414	573	566	1023	999	745	919
CCCTCTGATACCCCAACCACGTTGA	93	440	454	482	1604	1493	1022	601
CCCTTTAGGTTGTTTAAGATACTTC	8	98	85	90	321	259	198	79
CCGCTGCAAGACTAAGCTGTCTACG	206	409	890	942	969	840	878	528
CGCCCGCCCGTACAGCCCTCTTAC	0	1	2	10	4	8	6	0
CGGGTCCCTCGGTTACTAGACTAT	5	21	30	41	50	48	54	38
CCGTACTAAACACTGACTAAAAGGT	140	398	664	1174	1203	865	966	1035
CCTAACGTCTACGTTTATAAGAGCC	201	851	1348	2337	2636	2201	2039	1944
CTATACTTGGAATCCACAAATCGG	17	43	96	72	157	137	122	108
CCTAACCGACTCGAAGGCTTCAACG	335	625	1197	1169	1711	1477	1248	923
CTTCATCGCCGCCAAACGTTACGCG	245	398	509	674	1313	931	895	170
CCTCCATCACGTTAATAATACTTCT	92	257	319	1070	951	651	647	498
CCTCCACTATACATGGTCAATGTGT	336	621	800	1146	1349	1202	1162	1660
CTTCACTGGCTGGGATCCACTCGTC	144	344	376	327	778	668	638	176
CCTCGCTCTGGTGTGCGACCTTTTA	29	142	162	238	458	430	271	101
CTTGCTGGTCTGTTGCCAACCGTTT	69	209	314	375	543	454	478	409
GACGATGCTATACAACTTCGTGGC	104	158	167	206	275	215	205	127
GAGTTCCTCCTTAATGACCTCCTC	75	83	199	186	292	213	203	351
GATCAACTCGAAAGTAGCACCCTG	156	252	386	587	721	547	524	727
GCACAATCCGCCACCCAATGTGCC	364	578	996	923	1481	1471	1101	631
GCATCGTCAGGCGACCGCCTCAGC	215	489	646	572	1228	833	826	277
GCGACGCATACCACGATATCATGT	696	468	1447	1532	1091	930	920	1603
GGTGGGTCTTGTTAGAGTAGAGCC	46	122	172	241	303	156	220	101
GTGACCGCGGTTACTACCACTGGTG	1984	1483	3909	2570	3686	2802	2361	3051
GTGATCCTCCTGATAAACAAGGACC	774	2176	4780	4227	6772	5119	4742	1696
GTTATCGGACTGGGCATCTGGTACG	521	973	1964	1859	2352	1605	1643	1240
GTTCCGCTAGATCCCATGATCCGAT	1555	2261	4676	4406	5975	4607	4602	3919
GTGAGAACTGCCCCATTAGACACA	130	232	487	374	531	397	451	423
GTTGCCTGCCACTCGGAAAAAAAT	54	189	591	310	718	704	605	473
TACGTCATATTTTGGAACTGAGCC	6	17	35	28	55	45	46	19
TCAAAAAGGGGGGGGGAAAAAGCA	0	3	5	2	23	14	26	4
TTCGTGCCCTAGCGCCTCTTGCTAG	235	524	1068	1173	1941	1352	1464	1048
TTCGCCTTCAATCCTCACCAGGCGG	148	597	1023	1117	1832	1486	1359	841
TCGTGTCCTGCGCCACTGGAACAT	49	66	102	83	171	142	166	96
TCTCTGCCACTTCAGAAAGCTCTA	12	94	153	157	389	321	291	65
TCGTGCCTAGTGAATACTGAGTCGG	417	1185	2007	1938	3160	2110	2112	706
TGGACGTTGGGTTATGTCGAGGAGT	272	375	831	879	1041	627	728	968
TGGAAGCGGTGACCTCCAAATCCA	58	237	284	271	768	477	418	123
TGGTGGCGTCCACGGATTGGCAGGC	339	237	1005	399	637	593	671	893
TGGTCGTATCATGATCTAATGACGA	148	194	388	795	542	459	466	978
TTAGGCCCCCTCCCATTCAACATA	69	35	374	464	656	386	424	552
TTTATCAGTCACATTGGGTACTCAG	58	224	516	556	741	511	597	648
TTAGAGGGTGAAAAAACATGAAGA	2	10	11	4	40	56	27	3
TTATAACAACTGTGGACCCAATAA	9	35	65	46	112	79	63	77
TTTCCGAATGCCCCTTGTCACTACA	8	48	61	115	190	132	145	80
TTTCTTCGATAGTCAAGTGATTGTC	19	117	182	203	562	404	404	148
TTTCTGCTCGGAACAACGGAGCTTA	40	154	212	467	537	413	428	336
AAAACCGCGTATATGCTCGCCTTAA	83	297	633	880	1095	896	788	869
AAAACTAATAATATATCTGAAATTG	0	23	21	17	87	103	92	37
AAAAGTTGCCGGGAAAACGTACTGC	16	47	82	88	193	155	155	80
AAACGTCGCAGGGACGAGACACACA	145	364	672	616	1038	891	817	246
AAAATATAATGTATCGCCGGCCAGG	3	83	96	113	261	211	230	136
AAAGGGGTTATGACCGCGTCAAAAT	76	266	509	586	899	632	789	424
AAATGATCAAGTATATCTTACTGTT	4	19	35	48	94	80	52	47
AAAGTGATAATCCATATACTCCGCA	0	4	6	7	14	4	7	3
AAAGTCCGTAAGGTAGCTGATATTG	8	48	123	73	209	131	103	146
AAATCAAGGGACGGTTTGCTACTCC	6	32	59	56	154	140	107	30
AAATAGGGATACGGTTGATCACCCA	23	69	169	186	305	191	212	181
AAATCACAGGACTGCTATTGTTCAC	0	2	0	5	12	10	15	1
AAAGGGTAATCACAGTTGACATGGG	21	91	129	201	297	243	188	17
AAAGGCAAGATCTAGTAAATAAACT	4	46	146	161	411	268	311	106
AAAAACCAGGGAGTATTTAACCGTA	0	6	3	4	12	18	22	7
AAAGAACTACATCTTGCCAACTCTA	1	7	3	8	31	15	30	12
AAACAGTGACATAACGGCTACGTGT	3	91	150	104	175	134	187	65
AAACTCAAACAACACCAATGACCAA	15	30	70	52	103	84	67	76
AAATTTAAGCCTATGTGACAGAAGA	0	3	11	8	35	15	14	4
AAAGAATCAGTCCGTACCTTAATCA	3	23	15	23	51	48	37	27
AAATTTCACACCATGAATGCTGAGT	5	9	49	18	20	51	53	82
AACTAATATGTGTCATGCACCTTTT	55	194	499	246	586	468	518	563
AACTCCGGGAGGGGCCAAGAGTCAG	24	70	172	131	300	187	224	180
AACGCTAAAGGGCAGGCTAGATCTG	21	28	92	64	136	93	121	35
AACCCTATGCCTCCCAGTAGGACAA	21	53	111	77	168	134	135	114
AACGAACCCAGCCAAAAATATTTTG	1	32	30	14	94	61	44	16
AACCCACAACCGACACGACTGAACA	80	80	210	56	261	215	122	68
AACTGATCTTTACGACTGGCCGGCT	171	499	986	1983	1756	1191	1423	1077
AACCACATACCCTATTTTCTTCCGA	22	152	215	165	550	426	366	143
AACCCCCATCAGTATACTTATCTCA	2	21	25	30	50	33	35	4
AACCGTGGGGCTTGCCTATCTCACA	15	58	78	61	209	179	197	52
AACTAAAGCATCGGGGCTACTCGTT	22	81	202	101	201	148	107	101
AACTAGTCACACATCGAGGCCCCGA	24	100	135	213	284	176	184	171
AACTTATTCTAGTGTTGATGGAATA	0	4	3	2	6	4	10	0
AACTTTTATGAAGTATCATACCGCC	0	8	11	11	37	32	42	0
AACGGACATAATCATGGACATGAGG	3	22	38	8	28	10	36	15
AACGGGTAGTTAGGTTCACACTTAA	16	36	57	47	70	47	32	76
AACTATATCAGACAACGGCTATCAA	37	153	256	274	536	407	373	150
AACAGATTCTTATTTGCCGTTTCAT	26	159	224	210	497	389	431	150
AACACGGTAACTTGTGTGAAAAGTA	22	33	97	85	95	58	71	60
AACAAAACCTACAAATTAAAAATCA	0	5	0	0	12	11	9	0
AACATGAACAGAGCTTGTAGTCGGA	34	67	132	114	221	173	117	126
AACTATCCTAAATGTAGCATTCTAG	7	26	38	46	61	57	51	53
AACCTCCTGCCCCGGCTGATTGCCT	21	51	110	112	278	184	193	82
AACGCGACCTCCAATCTTCTAAACT	1	9	13	2	18	11	8	14
AACCACGCAACCCACGATAAGTCAA	27	61	89	138	150	123	97	63
AACGTCATGATCTACCATACCGCCC	140	153	340	240	441	354	404	315
AACGAGTTGTTCTACGCTACTTCGT	118	259	480	361	544	403	391	353
AACTTGTGAAAGATCGGGCACAGCC	33	140	248	169	468	358	337	49
AACATCACATACTTACACGGAAATC	17	15	59	25	59	39	39	53
AACCAACACAAACGTCTTCAGACCG	23	108	145	108	366	220	229	10
AACCATCAACCTCGCTGGAATATGA	54	252	458	356	646	539	544	425
AACTCAGCCTAAGTAATACTAGGAT	20	103	168	177	218	214	189	131
AACATTTTATCCAGTTGTGGCTGTC	0	7	14	19	41	27	25	19
AACAAGGTATCACCGCAAGATGGAT	106	324	613	294	870	646	703	152
AACATGTGCGGAGGCCAAGGTATAA	6	14	46	18	62	45	59	26
AACATAGTCTCAAGTAATTTACCTG	10	53	127	34	184	164	169	163
AACAGAGTGAACATTGCAGCTAACT	49	97	329	84	259	241	220	71
AAGACTGCTGCGGGGCCGAACAGTA	28	102	185	187	238	218	182	172
AAGGAGACAGTACGTAAGTGCCCTC	412	340	866	1271	1240	1034	1001	1138
AAGGGGATGCACGCTTATCCTTGTG	176	246	520	766	657	550	471	476
AAGGAGCTTGGCGTCAATAAACAAA	1	45	5	4	10	25	6	20
AAGGCACGCTGAGTCCTACGTTGGT	154	181	365	287	484	329	389	387
AAGGAGTGGTGTAGATACATCGCCT	21	48	57	57	111	74	110	50
AAGACCAAAATATTAAGCCCGCTGT	2	54	36	22	119	104	135	39
AAGATCAACTTCATCAACGCGTCTC	26	69	50	60	205	84	74	19
AAGAGTACAACGCTGGCAAAAGGAT	0	9	9	2	18	15	17	20
AAGCTGCACTGACATGGTCAGGCAA	0	12	11	5	21	7	10	0
AAGGGCGCGATCCTTATTTCGTGTT	1	3	3	3	6	3	5	2
AAGACGATAACATATAGCAACGGGC	23	64	113	123	230	183	209	119
AAGACTGTGTCTATCAGGGTAGACG	68	90	255	167	445	233	285	133
AAGGTCATCAGTGACGTCCAACGGA	3	1	2	4	8	8	6	2
AAGCGCCTGACTAACGTGGCTCACC	2	10	10	10	27	22	8	10
AAGTCGTTTAACTCGCACCCGAGCT	8	44	93	183	207	132	205	36
AAGTACCGCTTTGTGAAATACCTGA	3	21	33	61	63	54	39	103
AAGACCCTACAGCTATTTACTACGC	4	2	4	4	15	3	14	6
AAGCGAGCTTGTACACGTCCGCGAA	7	5	10	12	11	6	8	10
AAGGCGTACTTATTAAACTGTATCC	16	25	41	48	47	38	37	46
AAGATTAAGTCCGGCCTGACGCAGA	18	4	57	42	66	39	46	31
AAGACTACGAGACCTTTACTTACTC	10	33	102	90	193	149	98	116
AAGCAGCGACCACGAGCATCTAGTC	32	26	65	72	90	36	35	63
AAGAACTACACACAACATACTCGCA	90	178	289	307	381	293	358	242
AAGAAAATTTACCCATTACTTAAAA	0	16	20	24	126	114	84	46
AAGGGAAAGTCCGATCCGCCTGAGG	2	2	4	10	6	5	7	6
AAGCTCCCTCAACATATTCAAGGCG	250	452	864	965	1480	1047	1036	855
AAGAGACCCAGAAGGACTAGGGTAT	10	106	153	143	458	317	303	69
AAGAATAAAGACTAGCTTATTTCTA	0	1	1	9	10	13	9	8
AAGAGATTTCCCTCCAAAGGCAGCA	4	11	18	23	36	24	40	32
AAGCCACAAACTATGGGATCAACAA	67	159	298	383	391	359	351	297
AAGGAAGTGTCTCGAGGTAAACTCG	154	214	686	796	852	594	575	548
AAGAGAAGCAAAGAAACTAAATAAT	4	50	71	64	222	216	159	125
AAGTGCCACGAGATGGCGTCAAGCT	20	31	60	55	82	65	58	60
AAGACCTCCGAGGTGCACATGATTA	9	33	43	41	126	88	75	38
AAGACTTGAAATGACTCAACCGTAC	9	26	42	59	91	72	54	56
AAGTTTGGCAAATTCCATCATGCAC	2	8	27	10	58	33	41	5
AAGAAGGCAATTATGAGCCCTTCTT	1	11	4	7	18	12	4	2
AAGTTACTTCTGATGTTCGCGAAGG	43	62	110	115	154	135	158	156
AATTTAACGTCCAGTCGTAAGAAGG	38	90	240	161	408	215	257	149
AATGGGCTAAAGATATTTCCCATTA	10	55	106	73	221	97	156	62
AATTGAAACACCAAAGATCCTTAGC	1	18	38	21	57	36	27	20
AATCGCCGGTAGGCCAGGTCCTACC	156	320	771	766	1150	890	879	389
AATTCGCATGCCCGTGAATTCTGGA	54	144	239	267	522	336	386	219
AATCCCTATTTTCGCAAGAGCTCCA	5	63	121	133	275	180	230	145
AATAAATTACGACAGGGATTTACAA	9	126	119	236	515	440	372	284
AATCTGGGGTTGTTTGGCGCCGAGC	29	225	406	381	917	671	613	201
AATGAATATATTATATGCGAAATCT	8	73	59	134	381	291	304	151
AATGTGCAAGAATCGAAGGCATAAT	8	40	35	52	76	61	43	25
AATCGTCTATTCCGGCTATATTCCC	14	102	108	130	228	185	208	131
AATCAAGCCACGGAGAAACGCTTTT	16	27	119	35	96	71	69	126
AATCTAAGAAATCCGACTTATGGAC	0	19	39	28	67	48	53	42
AATCCGAGACCCGACGGAATTCAAA	0	2	1	0	7	6	5	1
AATGCGAAAAGGTTTTATAAGCGTC	14	366	368	330	1297	981	938	181
AATACAAATACTGAAAAGAATTACG	0	3	3	8	32	26	21	5
AATGTCTATTCATCTCCGCAATACA	103	153	379	457	486	345	389	398
AATCACCTTGACGGTTTCTCGCACA	22	97	103	131	302	211	202	174
AATAGTCCCAACCTTGCAGAGTGAC	7	62	144	71	250	195	176	23
AATGTCCTAAACCTCCTGTTCGATC	15	44	87	65	157	71	95	63
AATTGCATCCGAGACTTTTAGCAGC	0	8	12	14	30	18	14	19
AATCTTAGTCTAATAACGTCGGTCA	8	43	56	45	118	90	89	65
AATGATGCCCGTTCTAATTAAAAAC	1	62	66	43	172	151	125	50
AATAGCTAAATTGCACCTCACGGCT	2	4	5	4	9	2	14	5
AATGTTACCGAAACCAGCCCGGCTC	7	6	22	22	41	15	21	19
AATAGTGGATCAACAATGTTCTGCC	62	234	607	507	830	658	700	536
AATCTTCTCACAGGCCTATGTCCCC	5	11	86	112	80	45	97	92
AATGGCAGCTCCTGTAATTTTGCTG	6	9	39	8	31	27	16	37
AATAGATCCTGTAATCAAACTTCAA	16	101	203	205	543	407	342	364
AATGTATGGACATCAGGACCTTCGC	112	255	490	446	867	597	639	465
AATGACCTTTGGCTCACATGCCTCC	42	166	233	231	677	312	362	116
AATATTGACCGTTGAATAGAGTGCG	0	11	56	19	48	43	60	34
ACATTATTCGGAAAATAGTGCACAG	53	100	215	254	270	261	253	236
ACATACTCAGCACGGATTGTGCGTT	526	566	1011	1529	1585	1326	1340	1550
ACACTTTCCGTCCCGATTCAATGAA	73	155	231	154	535	378	350	74
ACACGTACGATGGAAGTAGTGGTCT	1037	2042	2742	2886	4717	3307	3458	2643
ACACAACCCCCGAGTGCAATTCATT	26	76	163	162	287	289	196	139
ACAACTGAGCAGGTCCCAGCTTTAC	96	513	627	704	1384	1070	1019	117
ACACCGACGCGTCGAAAATGGAGAA	132	222	459	436	511	438	404	296
ACACTGGTCCCACCAAACCTTAGGA	83	226	357	343	553	442	470	333
ACAGCCTAAAGTACTCTTTCAGAAG	55	139	283	265	390	302	269	379
ACAGGCTGCGAACCCCTAATAAGAT	140	402	599	417	1225	839	832	301
ACAATTAGGCCTTCGCTCGGGCTGA	133	513	560	1269	1219	1089	1081	1492
ACATTGAACGAGTTTATGAGGCAGT	240	502	1133	783	1331	981	1183	1048
ACAGAAAAAAATCACGATACCCACT	1	18	32	30	63	65	46	48
ACATAAAAAAAGGGAGTGTATCAAT	4	115	172	229	381	266	293	173
ACAAGGGTAACTCACCCGGTTAGAT	11	33	58	63	72	60	69	39
ACATTAACTGCCGGCTGTCTGCAAG	368	442	973	1240	1218	923	744	1346
ACACGTTTGGCAACACCGAGGTTGT	113	176	498	148	431	359	385	705
ACAAGCAAGACTAGCGACCACGACC	55	125	399	262	463	376	238	197
ACAATACGGACACAGAACGCTGGCT	4	13	17	14	21	15	21	31
ACATCGGGATTCCGTGCGAGAGCCC	97	270	553	405	762	582	599	398
ACAATTACCCAGCAAGCAGTGCGAA	15	72	96	106	155	114	96	63
ACATAAACTCTAGCACGCAAATAAC	2	26	69	36	66	64	54	21
ACATGGCTGAATACCATTACCTTAA	223	794	1110	858	1587	1397	1353	937
ACAGGTGCCCTCAACCTGTATCATA	17	58	109	108	255	119	164	48
ACACACAACCGCCCTAGTACGATCT	47	44	160	130	186	149	130	131
ACATACTCCGACAAATTTGATCTAC	16	56	164	80	209	182	204	159
ACCCCCCGTGTTTCGAATTGGTATT	10	77	137	222	313	304	189	33
ACCGCCGGAGGCAACTTTAACGCAG	59	232	309	226	648	519	433	129
ACCTAAAATCGCGCAGCCGTTGTCG	24	40	69	132	75	89	67	132
ACCCCGGCCACGCGGAGAATCGTCG	69	143	255	190	402	325	323	118
ACCCTGACCGTCAGCAACTTAATAG	238	388	882	708	1058	916	610	745
ACCGCCAAGGGCAAGTTCACGGCGC	60	79	138	134	187	140	102	91
ACCAGAGATGGGGAGCAACGATCTG	1	6	7	5	25	16	5	4
ACCCGTTGCCATAATTATCATGTAA	4	33	44	88	58	82	55	115
ACCATATACACTGACCGTAAAGAGT	53	116	212	211	340	285	329	266
ACCAGGAGGAATACCTGTTTACACG	5	15	31	28	57	23	39	2
ACCAGGATTATTGAGAAGGGTGGGG	139	319	437	1452	716	817	968	1120
ACCATATACTGAGTGAGAGTAATCA	116	225	374	298	575	434	372	463
ACCTACAATACGTCGTTAAAGCGCT	36	144	150	195	378	301	265	225
ACCTCTTGACTGAACTGTCAGACGA	73	136	452	384	403	289	323	500
ACCTTTGGAAGAAAAAGCTATCCTT	4	66	124	126	232	219	216	95
ACCCGGCTTAGCAGGACCTCGAAGG	168	227	536	386	630	535	499	751
ACCAACTGACCGACGTGTCTGAGAC	647	772	1322	1650	1820	1663	1537	1434
ACCAGATCTTGTTAGCGCTGGCACT	497	962	2027	2009	2461	1888	2087	1775
ACCCTAGAGCGATCGCTCTCGCGTT	26	174	213	268	500	432	427	89
ACCCATGGGCAGACATTCGTTACAC	7	8	34	24	29	32	26	9
ACCCGCATACACGGACATACCAGTT	6	9	4	14	23	20	43	9
ACCTTTTATACGGAGGATCCAACTC	0	8	9	4	42	12	20	2
ACCTAGATCAAGCCCACCTCATAAC	2	7	30	20	39	13	16	10
ACCCCGAAAGAGCTAAGGGAACATG	3	26	46	50	110	63	67	13
ACCAGAATAACTCCTTTCGCACAGA	9	19	28	19	71	56	47	8
ACGAGCAGCGCACTTGAAATCATAA	419	843	1391	1393	1938	1420	1525	1117
ACGGGATAATCAGCCCCTACCTCTA	88	126	543	162	412	351	300	353
ACGAAAATGAGCTCTGAAGACGACC	132	861	1041	1012	1873	1407	1461	232
ACGGCTTTGTGCAATGGAAAATAGA	194	240	393	677	848	571	612	688
ACGCAATGTCCGTTCCCGGGTCAAA	444	553	1268	1119	1336	1054	1088	888
ACGTGTTTATGAAATAAATTCGAAA	93	407	618	683	1269	931	853	672
ACGTTGCGCCCACCTGTTTCGATCA	374	562	989	1155	1050	1048	900	687
ACGAAAGTTCTTGCTTCCCTCTCGG	64	106	116	140	211	165	168	205
ACGCAGGGACAGGGAGACCTCACAA	593	595	1429	1505	1788	1191	1263	1530
ACGCTGCATCGAGTCTACGCCTGGT	52	74	95	87	136	94	99	88
ACGGCTTATCCGCGGACAGATTCTC	157	217	595	765	746	572	517	761
ACGAGTCCACCCACGCGAACAGCCC	21	63	82	75	186	139	159	47
ACGTTGAACGAAAACTGATGTCCAT	10	35	62	19	64	46	40	14
ACGGCTGAATAGTCAACCTACAGCA	14	77	122	82	98	93	139	75
ACGACTTCAGCGAGTGCTACGTCGC	19	13	24	7	19	24	17	36
ACGCAGCACAGCTACAATAAGACAT	63	144	306	197	425	276	239	185
ACGCCCAACATCATATGATACCCTA	17	28	73	26	66	28	27	9
ACGCCTACGCAATGTCAGTGAATAG	119	207	282	193	470	432	331	139
ACGTCCGTAAGCACGACTCACTCCT	70	113	159	142	223	146	163	140
ACGGGAGTGTGGACATCCCTTGGTT	20	10	26	14	33	20	19	16
ACGCTTGAGGTGACACCCACTGAGC	143	239	332	279	654	458	420	65
ACGCACGTAGCAACACCCAACGATA	1	11	10	6	9	8	9	5
ACGGTAGTACTTAGAAAGGAACCCC	7	26	15	21	35	30	26	15
ACGCATAACTGATTGGGGAACACGT	263	285	674	547	804	522	551	542
ACGTCTACAAGCGATATCCAGTCTC	39	63	133	103	146	164	133	55
ACGGTTGGCGGCCCGTATAAAGTTA	5	17	35	34	31	49	29	10
ACGCACTACTCCTGCACAGGCTGTC	65	23	136	147	113	95	84	148
ACTCGGACGTAAAAAGCGTTGAAGC	39	176	298	357	525	393	311	148
ACTTACAAGAAGGCCACTCGCGCGA	277	501	1044	826	1496	1082	1021	588
ACTGGTTCGCATCGAATGCTGGACG	105	150	315	225	411	344	310	257
ACTAAAGGCTGAGCGCTGTAGTCTA	58	210	436	404	698	458	532	409
ACTTTGCCACGGCCCGGCCGAGTTT	32	100	223	150	337	235	248	126
ACTCAGGAACAGTCTTGTTTTCAGG	91	180	346	377	687	492	468	254
ACTTATGAGTACCAGGAATTCGTGT	104	667	1011	533	1828	1511	1471	76
ACTTTCAAAGTCCTTATTCCTAGTA	2	49	50	108	188	164	111	43
ACTCCTCGGATTGGTAAAACGGGCT	27	218	246	340	629	503	436	133
ACTACGAGTTAAGGCAATCCCATCC	233	547	832	661	1715	1119	1160	397
ACTAAAAAAATGTTTGCGTGTGTTC	7	128	116	83	480	410	322	127
ACTGGGCGGCTCCCTTAGATAAGTA	18	87	103	129	266	270	192	147
ACTATAGATCTACCGGCTTTGCTGG	1	3	4	1	2	1	5	3
ACTCGTTGTATGGAACGCACCAGCA	14	31	85	84	118	78	78	109
ACTTGCTACGCGGCCATATTTTGAA	14	104	166	156	361	262	274	45
ACTTCCTGCGGAAGTGTCCTAGCAC	12	20	25	59	42	47	38	35
ACTCCTGTAAATTATTGAGGTAGAC	12	91	77	80	262	220	221	74
ACTGTTCAGCTTACGCCTGTCGGCT	80	212	347	222	383	340	292	296
ACTGAATTGTCATTGTACTCCCTCC	10	69	101	122	186	145	181	13
ACTCGTGACCATACGTCACAGATAT	10	31	30	15	36	54	43	3
ACTCATTTACTTTTTTAAAGAGTCC	4	33	24	47	142	116	102	120
ACTCGTTGGCCAGTCGTTAATGAAT	0	2	9	5	7	5	9	1
ACTTCGGACTGATCCCATTCTGCTC	19	20	61	55	76	60	72	60
ACTCCAAATTTTATCGCTCGTGTGG	0	40	42	80	148	125	120	45
ACTGGCCACCTTAGGAGGCTCCACA	52	87	129	135	143	168	154	133
ACTCCCAAGCTACGGAGTCAAATAT	11	46	64	56	146	133	100	59
AGAGACGAGTCCCCACCATGGAAAC	220	211	526	715	776	567	608	760
AGAGCGTAACACCCATACCCGATTG	566	667	1055	3880	1949	1630	1954	3111
AGATGGGAGCAACCCAAAATGGGTA	98	170	347	448	582	443	455	445
AGAGCCGCAAATGTGGCCATATCAC	24	47	133	121	116	80	67	110
AGATGTCAAGGCACCTGACGAGTGA	252	228	611	559	505	418	436	630
AGAACAAAAAGTTCTTAACGCTTCC	7	114	138	178	397	323	292	120
AGACGAAAGTGTCGTAGATGAATAA	37	148	323	110	267	238	301	473
AGAGGTATTAATGACCTCCTCCGTC	7	30	54	72	111	81	50	43
AGACGTACCGTTGAAAGTCTGAATC	34	115	146	126	363	208	209	156
AGAGACGGTACACGTAGACAAAATA	20	30	84	64	131	109	92	80
AGATTCGCTGGAGGTTCGCGTAAGG	124	310	441	467	674	493	590	497
AGACGACATGGAGTCGTGCCACATT	32	108	152	102	216	172	154	72
AGAACGTCTACCTCGACCGTTGTGC	133	128	274	346	375	324	371	346
AGAGCCAATACGACTAGAATCCCAA	54	82	201	207	296	155	176	215
AGAACCGTAAGTTTACGCCAACGCT	265	553	1271	1291	1569	1186	1072	1337
AGAGAAATGTGTCGTATACTAATAA	9	39	82	31	138	126	98	38
AGAAATAGTGGTCCATGGAAGCACC	109	196	463	348	656	390	484	527
AGATATTAATGACCAGGGGTCGTGT	48	134	241	235	379	295	367	277
AGAGCGCCTAACTACTGCTAAATAC	21	62	72	73	112	72	93	32
AGAAGGCTACCATATAAACTCGGCG	16	86	97	116	195	159	145	79
AGAGTAGATGTTCATATCACACCAG	28	27	113	47	86	72	54	133
AGAATGGATAGTGGACCTTGAGATC	17	31	99	50	147	87	127	57
AGATCCGAGCGAGCCACGTCCGGCG	41	59	196	111	196	149	93	137
AGAGATATTTATCTCACATTACAAC	7	27	45	58	130	68	72	63
AGCCCAGAGCGGCCCACCACCGGAC	1605	3293	6235	7331	8513	7700	6369	7045
AGCAGAAGTTAGGACTCGGTGCGAT	1641	9047	13675	18499	28092	19667	17509	6734
AGCGCAACATTGCGTCTCTAATCCA	110	307	458	401	567	410	528	302
AGCCACGGAAGCCCCGAGAGATCCT	147	274	493	502	747	586	589	596
AGCCTGTAGGCATATGGGATTCCCC	140	279	440	1178	751	590	555	1239
AGCCTACTGCCAGGGTTGTCTGCAA	12	55	89	62	179	156	150	66
AGCTCCACTCTATTTGTACGATAAC	34	107	144	98	196	164	172	43
AGCTACGATATTTTCAGAGTTCAGG	42	206	408	304	591	472	594	408
AGCAGCCAACGGAGTTTAGCGCTGC	9	6	22	14	38	32	35	4
AGCAGGTAACAGGACATATCTCAGG	77	130	178	174	345	240	207	47
AGCGCTACACACTCCTTTAACGATC	42	55	55	64	89	51	61	17
AGCAAGAGATGAACACTCCATGTCC	25	43	87	60	165	75	77	55
AGCGGACATCACTTGTAGGACATAG	116	162	348	238	336	286	262	314
AGCGGTAGTAGTTCTCCGTACCCGC	8	8	13	5	23	29	18	14
AGCAGTCGGGAAACTACCCGTTGCG	7	19	60	16	38	45	39	77
AGCCAGATCTTAAGCCTCACGGATA	0	5	13	6	16	8	18	9
AGCCTGGACCCTTGCGCAGCTACTC	64	176	166	300	412	332	308	118
AGCAGAGTAATCAGTTGGACGGCCA	34	66	128	168	242	173	165	125
AGCGCGTGAGACCACTTAAGAAGTG	30	63	109	47	112	96	79	46
AGCGGTGCGCATGAGGGGAATATGT	18	8	6	13	16	21	13	18
AGCTTGTTGGCCAAAGAACACGATT	4	2	4	4	8	8	8	0
AGGAAATAAAATTACATTACAGGTC	98	821	1147	2886	2686	2106	2208	2232
AGGAGGGCAACGATTTTGTGTGAGA	187	256	348	634	560	405	475	510
AGGCATTGAAGCTCTGCGTGTAGAA	29	90	126	137	204	150	164	162
AGGATGTCCGCTGGTCTCAGAGTTT	146	211	290	899	646	517	545	850
AGGAAAACATGTTAGTAGGTAAGAG	5	11	5	1	17	11	19	8
AGGATGAACTTCCTCGCCGAGTGGT	18	49	131	112	156	105	126	75
AGGATGGAAACCTGAGTGCGACAAT	9	29	47	45	80	72	62	28
AGGACAACGCACAAGTTTAGAGACT	331	558	931	647	1477	1246	981	958
AGGAGTATCCTTTAGACCACGAGCA	9	7	24	27	40	25	35	8
AGGTCGAGAAACATATGAGGCCCGG	67	77	385	440	632	562	471	313
AGGCCATATTATCCCGATTGATGTA	10	21	24	9	42	31	43	18
AGGACACTGATACTGACAAATCCCT	57	355	476	267	884	460	564	192
AGGACATAAATAATAGCATAGTCAC	24	71	169	136	184	182	167	151
AGGAAGGGTGTAAAGTTTCATTAAA	20	49	114	78	143	160	153	98
AGGTTCTCTAATGTAATGAGAGCCT	1	2	2	9	6	12	9	4
AGGTTCATAAAGTGACCAGATGAAC	32	64	127	135	158	118	146	164
AGGACACTACACACTAAACGGTATC	60	102	146	194	175	114	104	69
AGGATAACTATAAATGAGACGTTCG	39	121	109	145	258	230	208	149
AGGATCACATTCTTTTCGACGTCCG	5	4	5	3	25	5	14	5
AGGTTGCCCATATCGCGCGTGGGGT	135	146	392	522	594	533	496	371
AGGCAAGTAAAGAGGAGGAAAATCC	19	19	58	61	119	84	89	102
AGTAAAGTCCCCCAAAACTATACAG	16	138	252	224	596	414	392	277
AGTATAAAAAGCCTACCATAGTAAA	0	75	60	169	289	307	250	115
AGTCAGTCCGAGTGAGTTAAGTGTT	924	1510	3093	3865	5566	3395	3850	4249
AGTGCCAAAACGAGGGTTGCTGGTA	9	22	47	64	85	49	41	32
AGTGATCGCCCTGATGGAGGAAGCA	362	532	1303	1568	1661	1133	1169	1243
AGTGGGCACCAAGCTATGCCAAGAC	61	86	312	152	253	179	161	110
AGTTCGGCTGAAAACACGACCAACA	62	100	162	121	191	203	173	83
AGTGGCTGACCCTGTTCGTTGACAC	1146	1560	2790	2558	4012	2267	2599	3087
AGTAAAAGGGTGGTACGTGTAGTTA	15	82	68	70	197	186	173	82
AGTCATACTATTAGGATGCCAGGCG	8	8	18	18	12	20	9	22
AGTGCACTCGGCGCAGTTAATGCTA	543	925	2225	2184	2440	1868	1805	2018
AGTAGGTGTACGTTTTAGCACCCTA	59	104	238	226	268	211	200	168
AGTGCCCACGTGTGGGATGGCCTCG	0	6	2	18	11	6	1	2
AGTTTGCCCGCTCCAGCCGCCTACA	72	123	277	261	490	324	292	286
AGTTCTATTTGTCTTCTGGCATTCC	1	12	13	14	43	26	40	0
AGTACGAGGCGCCACGTTCCAATGG	40	40	58	64	117	83	107	53
AGTGTTCTCCTGGAGTCAATATTAT	0	1	3	0	4	3	1	0
AGTTTTTACCTGCTATTTTGCGCTG	2	22	28	23	86	42	57	7
AGTTAAGAAAACACTCGGCTTCCGT	4	34	34	28	111	73	57	27
AGTCTAGATGGAGATGTATACCTGA	25	55	99	64	161	115	78	35
AGTTTTCTACTATCAGATCCGCACA	12	15	63	41	72	57	73	20
AGTATCATAGTGTGCTTTGGAGTTC	0	2	5	6	1	1	1	1
AGTAGATGGGGCGCTCCGTAAATGT	174	238	521	868	1010	803	763	729
ATAGGACCTGAAAATCTGCAGAGCT	35	272	348	370	727	533	561	277
ATAACCCTACCACTGCAAGCTACGT	262	179	855	401	531	422	438	1103
ATAATTCAGAATTAGTGCCTGACCG	814	1673	6364	2010	4981	3573	3992	4815
ATAACTGCCCACCTTCTGTCATGGT	48	100	176	136	258	162	192	106
ATATTTCAGCCCGCCTACACTAATT	5	76	155	355	235	148	228	142
ATAAGAGATTACTCAAAAAATCTGT	2	83	82	91	372	320	262	111
ATATCTGAGAAAAGATCATAGTGCC	20	173	227	81	599	452	439	27
ATAGAAAGCTGCTCAGTACCGTCCC	33	102	186	117	304	231	245	100
ATACCCCTCTGGAACATTGGACTGT	13	89	160	71	227	160	176	59
ATAATGTCTCAACTTCGTCTACTTA	18	100	223	210	495	238	323	191
ATAAAGTGACTTCAATGCCAATCGT	14	23	48	38	73	57	78	43
ATAACCCGCCTCAACCCGGGATCAC	10	22	37	28	84	55	60	57
ATAACTAGAATGTGTAAGAAACTCA	1	5	11	11	25	24	16	41
ATAGCGGGCATAAAATCTTCTGCTT	2	29	36	50	114	89	82	47
ATATCCTACAGCAGGTTAAGACCAT	39	130	282	250	460	288	387	195
ATACCTTGTTAGGCTGTTAACGGGC	22	56	114	76	205	120	157	36
ATAATCTAGGAAACGGGCTCTACAA	9	32	73	93	141	117	110	118
ATATAATATTGTCGGCAGGGCCCGG	1	31	56	62	86	97	100	105
ATATGTGCATTGAGCTGCTATACTT	16	58	107	122	149	196	177	58
ATACGAATTATCCTGAATAGGTCGT	10	42	72	64	126	100	105	52
ATACGTCGCTATACCGGTCTGTGTC	315	7	970	1074	1857	1393	1466	1491
ATACAACATGAACACCTCTATAAGA	19	131	187	184	509	430	393	249
ATACAACCTTAACAATATCTAGTGC	2	28	37	57	76	61	36	5
ATACGTTCCACCAGCGCAAAAGGGT	2	3	4	12	9	5	2	0
ATAGCATTGGTTACACCAAGCGCGG	24	43	97	28	102	67	62	122
ATACAACAACACGTCACTGTAGACC	118	311	682	708	894	618	664	422
ATATACCGTAGTGCACACTGAATTC	0	3	8	6	6	8	1	1
ATATTAGACTATATCTCCAACGCTA	1	1	4	1	7	12	3	6
ATACAATGGATATGACTATTTGTTA	39	305	372	414	770	760	759	552
ATAAAACATGGCAGATAGACGAGAA	24	102	320	140	459	321	292	244
ATAATGCGCGCTAAGGCAGCAGAAA	1	6	14	6	31	12	27	10
ATCTTCGTTACTTTGATCTTGTCAG	10	47	64	76	166	106	106	69
ATCAGGCGAAAACCTACATCTGCTA	25	76	89	133	187	124	159	91
ATCACTGGGTTAAATAGGACAATGC	92	280	368	455	758	603	599	463
ATCTGCGGCGTTCGATCATCGTTAT	23	123	151	116	322	206	201	36
ATCACATTCTACGCTTTTTTCGACT	0	8	15	9	32	15	18	4
ATCGTTAACACCACCTACGTATCAC	88	114	247	165	257	229	235	318
ATCTAGCCACTCCACACGGTCAGCA	112	164	403	283	587	412	473	503
ATCGGTGCGCGAATCTAATGCTGAG	11	6	32	20	45	13	10	2
ATCCGACTCACATAAGTTTGCCCGT	1	4	7	9	27	9	6	1
ATCCTCTACGTATCCCGATTGGAAC	223	449	1092	383	1873	1251	1045	464
ATCTCCGAAAGGCACCCTGAATTCT	5	25	25	52	95	62	39	28
ATCCGCTATGACGGATTTCTCGATA	15	92	163	88	192	184	202	135
ATCGAAGTTCGCAATAACACTAGCT	4	10	20	10	72	20	59	8
ATCTGATACTACGTGAATACGGGTT	33	90	131	135	289	224	210	117
ATCGGGAGGCTAATCTATCTTCTGT	108	382	569	673	1074	874	797	622
ATCTCTAAAAAAATCAGATCACGTA	0	4	4	10	11	9	16	13
ATCTACCTACCGTGATGAGATAGAA	3	11	11	12	21	30	19	22
ATCTGGACACGGTCGTCGATAATAC	0	5	4	0	4	12	5	1
ATGGTGTTTGGTTTCTTATCACCGA	115	248	469	396	756	429	581	515
ATGCGCTGGTAAGAACGATAGAATC	77	278	400	338	828	542	534	388
ATGGCCTGTCTATCTCCGAAAGGGC	98	105	202	170	461	322	273	106
ATGCACTCAACAACCTATTCATAAC	42	82	137	135	412	248	229	93
ATGGAGTAAGTTTGTACCCGATCTC	48	126	212	95	370	266	241	43
ATGTACACAGGAACAAACATTTGTT	49	188	420	330	519	384	396	403
ATGCAACGTACACACGTATACCGTA	403	689	1347	995	1363	1251	1326	1001
ATGACATAATTCTGCGTCCGCTACG	324	516	770	943	1315	1034	942	1217
ATGCATTGCACACCTTCAGCTTGTC	3	6	20	7	20	13	12	45
ATGGGCTATTAGTAGGGGCAACACC	48	76	140	156	228	165	137	135
ATGACTTCCTGAACTTCTACTCCAA	22	48	62	107	172	115	115	85
ATGTCGTATTTGAAGATCGCTATCA	30	128	247	288	510	361	334	101
ATGAATAATGAGATAGAATTGACTA	0	6	9	15	17	12	14	15
ATGGCATGTGAGAACAAGCAACAAA	67	80	127	130	166	139	174	234
ATGCCCAGTCGTGGGGTCTTTGGAC	2	24	52	47	74	47	24	53
ATGGCTAAGGTATCATGCGAGCACT	59	73	80	105	156	133	125	89
ATTGAAAATGGCTCACTCATTACGA	1	2	3	3	11	5	2	0
ATTCGCCAGCTATGGAGAGGCCCGT	30	74	162	134	187	132	166	84
ATTCCCGCTAAGAGCCGCTAAGATA	0	2	1	2	11	4	9	1
ATTGTCTATTGACGTTCACTGGTCC	46	123	274	218	404	244	318	426
ATTAAATCGTAAGGCTATCAGCTGA	4	16	47	34	79	59	59	57
ATTAACTCCCTGGGGAAACGAGTAA	0	1	2	4	9	8	6	0
ATTCTTGCCACGTCCCGAAGGACCC	19	50	100	108	126	97	104	119
ATTCGTCTGTGGGCAGATGCGGCAT	7	3	7	7	21	10	9	8
ATTTAACTAGACAACTAGTTTCGTC	0	3	2	5	9	25	18	13
ATTATTACCTTCCATGATTATCCGT	16	73	113	126	245	146	131	158
ATTTGAATCTGAATCTTCAATATGT	2	25	35	43	104	81	102	44
ATTTGCCGTAGTTGCCTGGATACTT	24	76	89	74	177	137	123	33
ATTCGGTGCTACACATTTCGCCACG	140	265	497	550	797	504	435	582
ATTGGAGCTATAGAGGATGGCGTAT	12	48	99	112	160	82	134	99
ATTCTGCGTCTTAAAACCCAATCGG	14	46	82	143	235	172	176	97
ATTGGACACGTTCTCACGGAAAACC	13	35	42	28	83	70	103	54
ATTGGACTTGCATAAACTCAAGCCT	22	24	64	51	77	45	57	119
ATTGAATCCCGGACCCTAAAGGGAT	6	29	45	26	114	97	88	22
ATTGGATTATTATGCAGGAGGCTTG	1	2	5	0	12	9	2	6
CAAAAAACAGGGCGCGCTTATCAAG	39	93	138	304	380	388	323	389
CAATCCTTGAAGTGAAAGCAATACG	160	400	767	704	1350	918	818	606
CAAAATTAAGCTCTAAGTCCAGGAG	29	69	126	191	302	311	226	236
CAACATCCAACCCCACCTCGAAGAG	37	79	142	181	321	470	275	75
CAACCGTAGTTGGCCCTGTCTAGAC	51	197	365	299	607	381	340	137
CAACACGGTTCATAAGCTTTAAGGG	44	532	771	456	1297	1087	1071	431
CAAGAAAAATGATCACTTGGAGCTT	33	668	1010	636	2650	2089	1704	202
CAACTATGTGTTCTTGCCCGGTTGA	119	357	692	770	1298	868	830	928
CAAAGCTAGTGTTGGAGAAACATTT	37	185	224	218	634	521	474	372
CAACCATCAGCCTACAGCTGGCGGC	126	545	1037	960	1264	1225	927	550
CAACACGCATTTCTAAGTCCCTTGG	12	31	87	52	117	113	86	23
CAACATGAAGTGAATTAATTAGGAC	9	36	52	47	86	89	94	65
CAACTCGCGTGATAGTATGTACCGA	109	285	369	523	772	731	581	408
CAAGTTGACACCTGACTCTTGGATT	1	3	12	8	15	4	10	0
CAATTACGAAGGACCGCAGGTCGGT	11	40	28	72	174	134	114	50
CAAGGGAATTGGAGTACAAAGCAAC	17	53	175	96	188	131	124	83
CAACTCTAGCCACGTAAATGAAGAA	3	33	53	24	128	85	77	16
CAAGCAGAATACAGCCGTCTGGCGA	3	17	33	42	122	58	80	42
CAATAATTTCCGAGCATGAGGTTTA	1	15	21	24	73	38	44	29
CAAACAGAGTCTTATTACGCAAGAT	5	18	44	23	41	61	46	40
CAAAATACGAGCCTCCCACAAAAAA	0	4	1	2	5	2	9	7
CAACCTCTGAGTAGCGAATGATGGA	9	78	50	86	213	177	141	34
CAATATAGACCTATCGCTTTCCCGG	20	200	371	206	767	579	473	87
CAAACGTTTCGTGAGCGTAGACCGA	182	336	741	986	949	811	716	839
CAAGCCACAGTATGTGGGTGGCTCT	20	109	126	55	208	195	171	53
CAAATATCCCCCTGGCATACGGAGA	7	14	14	19	35	39	34	15
CAACTATAGTTCAACTCGAATACCA	31	222	409	378	831	613	626	222
CAAAAGTAACATTAATACCGTCCAA	0	2	0	0	1	1	2	4
CAAAATACTCACATAAGATATCCGC	2	63	69	95	188	220	211	93
CAATATGATTGCGCCGATTATGGGC	35	117	148	133	458	305	326	94
CAAGATTAACCCTGACAGCCGCGCC	49	154	289	271	590	447	488	321
CAATTCCGATAGTGTGTCGTACCAC	408	837	1098	1339	2147	2015	1643	884
CAAGCCTGTATGCGGGTATCTACTT	34	128	228	150	319	264	303	301
CAAGATAACACTTCTCAACTTAGTA	1	20	10	15	64	33	16	2
CAATGTCCTACAAACACGTCGCAAG	204	287	491	445	818	543	468	485
CAATGATACTCCAATCACGTCTGCT	46	225	397	370	622	405	408	17
CAACAAGAATTGGGAGATGCTTGGA	0	1	23	22	37	20	18	50
CAATTGTGCGGAATGCCACCGTAAC	0	2	1	0	12	2	5	1
CAATTCCTGTGAAATAACAAGCTCT	22	298	334	416	990	921	704	400
CAAGTATATCGTAAAGCACACATTA	23	47	54	178	259	129	174	126
CAATGTTGCTTATGTAATCGACGTT	7	7	21	27	38	26	27	35
CAATAAAAATCAGAGATCTTGGACA	0	2	5	4	27	10	9	3
CAAACTTGGCCCATTCCCACTCAGT	1	5	10	13	22	24	21	18
CACGCATGATCTCTGAACGCTGGTT	1518	5214	7720	5420	11425	9036	8287	632
CACTCGAGGGCAATACCTTAGTATT	270	947	2261	2157	3056	2493	2449	1649
CACGATGAATCACCCTCAAGACCCG	232	1000	1350	1454	2784	1986	1636	1030
CACCACCAACCAGCAACACAATTGT	236	273	536	584	749	599	482	507
CACGGGTCAGACGAGTACAAATAAG	102	182	232	270	412	356	336	257
CACGACTTACGCCCGAACCCGGGTG	52	177	302	296	480	369	431	362
CACGAACTGCCCCCGATAGGATCCA	244	396	827	794	1055	756	602	809
CACACTTCTCGCATCAGTCCCTCAA	46	192	281	254	651	442	327	64
CACCTGTAACGTTAGATCTACTAGC	130	148	322	279	372	334	240	352
CACATTCCACAATTGATTTTAACAG	47	244	300	377	600	496	449	374
CACCCTGAAATCCGACGTTCAAACT	13	56	100	104	173	154	109	91
CACGAGAGTGTACTCTAGTATCTAA	16	32	84	35	59	73	69	184
CACGGTATACACCCCTCATATTAAT	31	171	337	370	650	428	451	210
CACCTCAAAGTTGATAGGTGTGAAG	69	181	359	284	420	421	353	312
CACTATTAGGCCATTTTCCCTGTTA	27	152	228	160	388	381	262	144
CACAGTGATGGCTGTACTATGGAAG	1	3	6	20	20	7	9	28
CACCATTGCGTTGTATAAATGCCTG	33	249	264	215	756	435	449	294
CACTCCTCATGAGCGGCAAAGCGCT	340	507	882	728	1525	1109	1074	2006
CACTTATAGTGATCAAATAGTATGG	49	139	249	209	457	361	364	284
CACGTTCAAAAGGCCCCCTGCCCGG	9	52	51	51	106	53	62	30
CACACCGGCATTTGACTTCCAGGGA	16	60	40	62	111	95	97	130
CACGACGCGCATCATCGAAAGCGCC	224	482	760	934	1142	1048	888	993
CACTTAATTGAACCTAGGTGTTCAC	1	6	4	17	14	14	14	11
CACCAACTTATAATATCCCCATAAA	12	179	133	327	548	568	415	294
CACAAAAAGAGTGTCCACTTGCTCG	11	39	99	38	89	57	64	36
CACCGGAGTAACCGTTTAAAGATCA	30	152	198	220	336	267	247	167
CACCCCACAAGCAGGACTTCCGTAA	18	54	147	52	106	90	104	194
CACGCAAACCCAAAGTTTAAGTGAA	48	150	275	183	427	329	306	129
CACCGACTAGAGCCATCAAGCATAT	30	114	162	204	325	213	191	98
CACCTTCGGGTCCGTACGATATCAC	39	102	214	173	300	223	236	186
CAGTCGAACAATCAAACGTCATGTT	31	104	96	133	180	144	135	112
CAGTTACGATAGGTATGCTTCACGA	586	963	1768	2325	2471	2028	2135	2780
CAGACTCGAAGTCGGAAAAACGCGC	57	138	175	145	280	259	228	170
CAGGATCTTGACTCCCCGAGCTTAC	282	535	814	689	1730	1056	1151	651
CAGGATACATTGAAAGGCACGGCCC	135	383	812	733	1199	760	1026	635
CAGGCCACCTCGTTTTCAAGTCAAA	166	400	704	797	1306	922	859	222
CAGCACTCCATACAACGCCGACTTT	129	414	339	470	1017	927	886	394
CAGCTAACCAGGCTTGGCAAAAAAA	79	284	514	378	1018	816	720	567
CAGCTCTCATACTCTGTACCACGGC	73	208	251	253	447	444	347	228
CAGTCTTTACATGCATGGTAGCTCT	12	12	28	19	37	20	28	66
CAGTTTTCCTACTTCGGTCCATACA	2	26	36	32	58	53	61	17
CAGCAACAGAACGCGTTCTGACGTG	112	109	212	289	384	303	348	325
CAGCGAAGTAAGGCGCCATTGACCG	126	200	237	247	447	299	274	249
CAGGAAAGTTCACTTTCATAACGTG	71	167	441	253	534	462	441	288
CAGGAGGGAGAAATCTTATATTCGA	16	154	220	246	628	497	389	59
CAGGATTTTGTTTCATTTGATGTCC	8	56	113	33	215	131	133	49
CAGTCCTCCAATGATGCAGTGTACT	56	132	227	240	303	249	225	171
CAGCAATGCCGCTTGCTGGAAGACA	1	2	3	2	6	7	5	0
CAGTGCGATGTCGTGTCAAAGCCCT	78	180	324	326	401	277	323	280
CAGTACACCCATAAACACTTCGCTT	16	47	73	134	183	129	121	79
CAGATTGAAGTAGGTCACCCTGAGA	36	164	250	155	404	325	297	195
CAGAGTGTGTTCGGAGGGTGAAGCC	16	18	18	19	39	24	30	21
CAGATATTACGTGCGCAGATATTAA	4	31	21	21	66	43	47	17
CATGCCTCAGTATCAAAAACAGCAA	140	425	626	507	754	722	636	594
CATTTACTGTGAACAAATCACCGAG	22	110	139	137	324	322	208	62
CATTGTATCAGACACCTCAGGCCGT	178	338	599	635	969	602	730	664
CATTACGCCCAGTCCTCTCGGAACG	36	76	94	105	201	159	149	48
CATTATAGGATTGGCGGACACGATG	154	390	512	584	1159	911	977	383
CATCACAAGCTATAAGGTTCTTCAG	0	6	2	2	14	11	11	0
CATGGTGCAAAAGGTTTCATGGTAA	11	24	27	38	69	31	55	42
CATAGCCCAGCTATACTTTATAACA	2	4	14	10	9	11	4	9
CATGAACAGTTCGGTCTATTGGAGG	6	63	109	81	212	136	149	13
CATTTCGTTTAACTTGGCCCATCTT	1	6	0	4	13	2	9	5
CATAGGCGGGCTCGAGTATTACCTC	20	154	307	165	491	461	404	250
CATTGGCTTCTGATCATATTCTGTA	17	84	149	135	318	235	197	138
CATGTTCGCTCACGCTAAAGTCGAT	167	308	612	477	1160	591	726	974
CATCCACGAACATAACCTCTCAGGC	312	668	1041	1675	1820	1427	1096	1047
CATGCGAGCGCAATCTCTAGGTTCC	28	106	121	159	302	265	264	126
CATTCACCAGCTATGATTAGACGAA	1	3	0	1	2	3	12	4
CATCTAAGAGAGCGGCTACTACTAG	86	142	299	395	455	359	312	347
CATTGAGCGCTGTCCGGCTATAAGC	6	18	25	22	30	22	45	4
CATGAGTGATTTTTATTATCTCTTG	1	7	10	13	49	44	30	15
CATATCTAAATCCGAGTTTCACGAC	15	37	81	74	140	127	93	104
CATTGTTTCTAGGAAACGAAGCCAT	6	13	30	20	57	49	28	20
CATCCTCTAGCTGTTTCTGTCAACG	57	91	216	205	322	281	224	284
CATACATCTCTTAATGAGTGGAACT	9	24	30	57	32	33	36	52
CATCCATTCTCTTGGTGACATGGCG	111	214	297	453	579	432	427	334
CATTACTCGGTCAAGAACAACTGAC	16	67	112	50	214	136	114	20
CATCGCACGACCCGATTCTGGTGTA	10	11	9	32	51	19	15	24
CATGCTTGACCAAAGAATTGTACTG	5	13	29	16	59	62	37	20
CATACGCCGTCAATGGATCATAATG	1064	1578	3677	3273	4474	3616	3290	4182
CCAACGGGCCCGCGTGGAATGCCGG	3	25	40	42	76	77	67	14
CCATTGCTAACTCAACAGAAACATG	81	177	317	386	467	385	434	409
CCATCCAGTCCATTCTTCCCGACAG	65	255	314	359	527	513	448	159
CCAGAGGCCTGCATCCGTATTGGTC	97	415	595	473	1155	937	785	248
CCACATTAATGTCCCTTTTCCAAGG	5	14	9	31	62	41	29	33
CCAGCGCGTGACAAATCTAAGGAAT	13	96	167	153	314	313	177	126
CCATAAAACGCACACGTCTAGTCAT	71	118	158	287	297	209	218	350
CCAAAAGCGCCCCGAGGTTGGCAGA	1	40	45	155	242	238	126	201
CCAGCGACCTTAAAGACCCCAAATT	25	247	367	441	913	809	683	680
CCATGACCTGTCTACATGGTTCGAA	209	431	633	820	953	849	728	848
CCATGCTGCCGTGTATTCGCTGATA	56	134	304	135	287	275	182	265
CCAGTGCGCGATTCCAACTGTCGCA	8	7	25	16	12	10	10	34
CCATCATCAAGTAATCATATTCCAA	6	9	29	4	16	22	14	40
CCACGGTCGCTGATGCGGCAAGCGG	60	35	44	73	81	66	64	106
CCAGTGGCCCTAACGTTGCCGACGT	10	18	25	8	22	24	32	1
CCACTCTGATAGCGCTCCGCGAACA	460	1297	1765	2914	3684	3821	2938	3345
CCATAGATTTCCAGCATTCGCTCTT	26	107	171	374	465	323	308	183
CCATTAACTACGTGACCAGCGTTGC	66	208	351	401	698	463	374	125
CCAAGTAAAGGAGGCACAAATGAAG	41	56	124	187	305	210	180	183
CCATATGGTTAAACTGAATAAAGAC	0	11	6	17	48	26	45	18
CCATACTTAGAAGGATCTTTACTCC	5	76	102	84	174	145	156	134
CCACAAACTCTCTTGGCGAGTGACC	1	17	16	21	66	20	37	34
CCAGACGTAACGAACATTCCGGTGA	9	24	67	26	97	56	52	25
CCAAATTAACTTCTTGCGTCGGGGT	10	83	101	134	202	149	187	146
CCAAAGGTAGCAGTCCATGGTCAGA	5	12	40	28	54	36	25	5
CCAAGTTCAACGAGGAATCAGACCC	17	62	53	98	139	152	130	73
CCAGACCACCGAAAATGCTACGCAG	9	19	26	40	65	44	29	15
CCAGTAAGAACGGACAAGCTGCGTT	1	2	1	10	2	4	8	1
CCAAGCCCTGTTATACGCCCAGACA	0	3	22	8	37	21	24	1
CCAGGTGTAGAGTAGATAATACGTA	18	92	162	119	230	194	167	83
CCAGGTAAAGGCCCTGTGGAGACCT	72	178	347	362	490	422	343	336
CCCCTTCTCGATGCAACCGGTGCCT	89	192	335	233	573	554	389	312
CCCCATTAACTAGATTATACCAGCC	11	28	49	46	90	70	51	125
CCCCAATCACCTCACATAACGCTCG	33	119	160	152	360	300	292	388
CCCAAATCTGATTCCGTACAAGAAC	4	43	43	38	75	88	73	30
CCCTTAAGCGCTGACCTAAATGAAG	5	27	68	39	90	47	49	12
CCCTGATATAAATACTCTATGTATT	0	5	2	2	18	11	5	6
CCCACAGCCTCGTTTCGGGGTGAAC	12	64	180	151	200	170	129	132
CCCTTTACGGATGGTGGGCCACTTG	15	23	27	23	40	54	32	22
CCCTATTCGCAAAGTGACGATCCTT	31	59	137	176	260	162	160	180
CCCTTACTGTCTATGGTTGTTCTCA	7	90	66	110	324	289	233	52
CCCAATTGATGCACGTGGGACCGAT	101	449	638	823	1020	902	852	349
CCCGTACGACATGTAGCCCTTCTAG	21	24	38	59	75	88	63	74
CCCTTCTAGCCTCTCTGCTAGGCCC	8	39	72	64	100	92	91	94
CCCGCAACAATACGAGTTATGAAGC	37	83	148	216	238	168	139	181
CCGAAAGGTGCCAAGGGCTTGTGAT	565	1589	4447	1405	3978	4635	3225	2954
CCGTCTGAAACGGTGTAAATGGTTA	93	325	522	352	860	608	502	290
CCGGACAGCTGACTGGGCTGCAGAC	51	181	375	220	439	338	313	46
CCGGATAAATTCTTTTGTACTCAAC	6	56	67	159	268	199	167	47
CCGAGGGATCGCGAGAGGTCTTTCA	20	86	136	108	155	150	144	175
CCGTGGAAAATCTCAAGTATAAATA	0	12	14	25	51	69	24	16
CCGCCTTAGAAAATGTAAGACACTG	9	28	38	53	103	70	63	49
CCGCAAAACGATGGGGTAAAGTTGT	6	14	4	12	27	32	40	25
CCGGTCAGTCCGGATAGCGCTTGAC	51	46	93	172	150	117	145	152
CCGTGGACCCATTATGAGTTTTCAC	6	29	39	34	104	48	38	25
CCGAGCGCAAAAGATAATTCCATAC	18	125	222	198	548	413	317	170
CCGTCACTATTCAAAGCCGGCATTA	69	80	145	183	216	170	190	115
CCGTACAGGCCGGGCAAAGCATGGG	3	10	11	13	20	27	10	3
CCGTTATCACCTAACTGGTGCGAGA	56	92	197	160	257	241	216	315
CCGCTCAACAGATCAACATATGTAC	9	49	43	59	100	78	70	30
CCGATAAAAAATTGTCCACGCGGCA	12	55	91	89	198	173	142	108
CCGCACAGAATTCATATGACACTAA	31	155	219	571	449	466	402	374
CCGAATTTGGACATCAAGATTTTTC	0	1	0	0	2	3	1	0
CCGAACCGGAAAGTGTGTAGCAGTT	183	302	535	720	672	638	635	587
CCGTAATTATGGTGGCTACCCAAGC	103	226	341	575	539	398	486	476
CCGACAACTCACGTAACCCTCTATC	0	11	22	7	30	17	16	3
CCGACAGTGCGACCAAGTAACGTTG	59	127	188	208	382	250	230	101
CCGCAGAGGAACCTCTCGGGGCACC	0	15	17	15	42	28	30	2
CCGCATCCTAGCAGGTGGTAACGCT	87	77	124	115	197	157	175	173
CCGCTTAATGAACAAAGATAGCGGG	57	243	199	320	567	673	389	255
CCGGATCCAATATATAGCAAGTCCA	7	10	23	15	45	42	15	23
CCTCCATCCTACCGAAAATACTTGT	20	55	85	82	193	182	128	101
CCTGGCATGTAAAACTCGCTCCAGA	28	74	166	145	206	193	145	198
CCTCTCTTTTTACACTACTGGGCTT	22	158	174	312	739	575	492	203
CCTTTAACAACATCCCTGATTCAAC	53	115	141	208	394	306	282	216
CCTTTACGCGTACTTGATGTTAGGT	72	536	631	729	1743	1246	1086	248
CCTGAACTCGAGCGGTGGTAAGGGC	488	792	2166	1233	1701	1536	1169	1244
CCTTGGCTTAGGCAAACTACCGCTT	53	205	240	306	598	449	400	290
CCTTGCATGGACCTGCAGCATCCGG	331	604	929	1087	1597	1259	960	718
CCTATAGCTATCGTAAGTGACGTAG	0	1	19	2	6	7	7	6
CCTGGAATCCCAGAGCTTGGCGTAC	0	3	4	9	6	15	14	19
CCTCCACCGTATCCTAAACATGAAG	0	19	21	46	53	40	27	15
CCTTCTGTCGATATGACTGAAATTC	0	2	7	1	10	5	13	1
CCTAAATAACGAACACAATTGCGTA	0	3	2	6	2	6	3	8
CCTGGGACGATGCACTTCCTCAAAG	14	11	50	17	54	60	22	22
CCTCTGGCCATTATCTCGGTCGTCC	46	135	233	201	325	294	243	240
CCTTTAAGCCATGAATTTTTCTTCA	0	61	51	61	231	243	179	82
CCTCCGCCCAAGATTTCATCCTCCC	12	19	32	29	73	36	35	28
CCTGGCTCGCCCAAATATTTCAGAG	0	1	0	3	1	3	2	0
CCTTGGTCCACCCGTACGCATAGGG	49	46	143	156	188	160	120	177
CCTAGGTTAAGAGTGATGGCCCCAA	38	50	128	154	161	95	118	136
CCTCGGACGGGATTACCCATACTTA	2	8	13	17	11	6	15	1
CCTAGAGAATAGCTCATAAATCGAA	7	19	34	45	77	58	79	21
CCTTAAAAATCACGCGTTTCTACCT	9	34	85	76	168	116	133	66
CCTACAAATGTAGATACCGTTCAGT	173	132	438	245	342	326	276	614
CCTCGGGGAAACCAGATACTTTTAG	1	16	16	14	71	37	41	6
CCTCCCCACGTCCGTTACGTGTGTG	0	6	17	0	22	8	13	8
CCTTTTCCTTTGTGCAATAGCTCGA	2	9	13	16	31	26	20	2
CCTCAATTGCACTCATCCGGAACAG	78	116	362	319	395	307	272	453
CCTGGAAATTTACTAGCGTAAAATA	4	26	28	53	146	98	75	57
CCTTCCGTCATCGCGCATTGATCTA	11	19	47	40	113	56	53	9
CCTTTCTACGTGTTTATTTGCATCA	2	21	32	31	81	58	40	46
CCTTCCCGCCCATGCGAATACTTCA	16	8	36	63	65	50	40	31
CCTCTGAATCTGTAGAACCCGTCCC	0	6	1	11	20	8	13	1
CGAACACTGCACGATTATAGGTCAC	364	633	991	1023	1253	1040	931	1196
CGAGACTGTAAGTAAGTTGCCCGTT	152	366	604	431	1075	759	597	275
CGAGTACGTCGATCAGAACCACGGA	242	324	652	846	944	616	662	702
CGACATACTACTAGAACACCGCGAT	41	107	115	275	314	260	217	168
CGAGGACGATTGATTTCGGAACTAA	141	309	481	406	672	659	605	668
CGAATAATGAGACTTTTGGCATCCG	19	68	142	90	145	150	140	115
CGATCGGTGCTTCCCTTTGTAATAG	13	19	47	40	83	55	57	12
CGATCTTGGAGCCACTGCCCGTTTC	21	62	277	265	328	304	295	31
CGACTGGCGTTGGTGTCACCTGTGG	10	3	9	26	19	21	17	5
CGATAAGTCCAAAATTCCACCGAGC	10	21	26	36	46	20	28	28
CGAGCAAAGCACTCCATGGTACATT	375	732	1335	1035	1548	1232	1198	1191
CGACACATAACTGGATCCGACATCT	9	9	3	7	52	7	5	11
CGATTCCAATATCTAGCAATAATTA	24	114	139	149	355	252	220	206
CGAACCCCACATATTAACGACGAGG	71	150	283	239	330	392	268	318
CGAGTCAAGCGGATGCGCCGGAATG	24	36	86	69	83	88	80	83
CGACCTAATCCAAAATAGTCTTAGC	17	109	133	118	254	259	224	207
CGACATCCACGCGACAGACCCTCCT	0	2	9	5	7	4	11	11
CGAAACGTGCAACGGCGTGATACTT	101	230	430	299	519	381	364	195
CGATGCAGTTGTGATAGTCGCAGGC	138	294	544	437	578	476	443	496
CGAACGACCTCTTAAGCGGTCTAAA	46	115	134	148	315	190	180	144
CGATCTGCTCAGGTAACACCTTGAT	18	17	20	21	41	26	34	24
CGAGCCTAGATTATATATTACTGCC	10	40	60	47	131	67	58	63
CGCCTTCGGTGAACGTTTGTCAGTC	76	66	149	141	221	153	138	169
CGCCAACGTGCTGAATCCGAAAAAG	124	266	443	455	538	455	382	315
CGCTGGTGGCTACCAGCTTTTATGA	69	433	763	657	1176	945	841	726
CGCAAAAAAGAGGCAGCGAGAGGAC	13	43	44	48	151	86	74	41
CGCCATCGTTGCCATCTCGACGGAT	152	730	1326	1082	1595	1235	1527	846
CGCACAAAAAGCTCCATCAATGCCC	98	407	702	1077	1128	966	736	610
CGCTGAAGAGACCGTTTAATTAACC	68	319	445	416	890	740	820	298
CGCGATTGGTTACCCGTACGTGGGT	448	622	880	916	1102	1151	994	819
CGCCATGGCAGATCCCCCGTAAGGC	199	254	568	541	602	575	543	389
CGCCCGCTAGAGCACCGTAGAATAT	99	461	685	561	1327	982	845	139
CGCACAATCCGAACCGTAGTAGACT	160	153	381	241	329	330	193	479
CGCTGTCTGAGGCCCCCATATGTAT	44	74	152	169	340	218	169	120
CGCAAATTTTATCTTGCCGCGCAGT	0	6	9	10	9	12	8	29
CGCGAAAGAAGGGGGTTTGGTTTGA	10	6	22	19	27	32	16	9
CGCATGTCTGCGAACATTCCGCATG	30	139	248	225	439	357	369	78
CGCACTTAATTCCGGTACATTAACG	42	101	123	79	193	173	173	110
CGCCTCCAGGTGCCGAGGCTGATTG	240	468	709	486	1243	997	801	211
CGCAAGTAGTTGGACATACGTCAGT	164	392	604	514	867	646	565	215
CGCTTGATTGCAGGATCTAAGCCCC	19	47	39	43	185	131	101	31
CGCGTTAGGAGTTCTACACCACCAA	96	166	321	247	440	382	380	130
CGGCGGTCGGCCCAAAAAGCGCCCA	91	670	1197	1506	2418	2254	1721	1456
CGGGCACGCGGGGACCCGCCTGTGC	63	158	240	308	512	365	468	266
CGGGAGTTCAAGAACGATTTACGAT	269	882	1699	1724	2876	1960	1911	1160
CGGAACGAAAAAATTCAGTAGCTCC	2	15	22	9	49	34	18	1
CGGTATAGAGAGCCCCTGTTAAATG	171	978	2101	2144	3568	3086	2528	2165
CGGACCAAGAGTTTCCCCAGGGCAG	174	401	933	789	1044	957	854	538
CGGAACTGAGAAAATATGGGCCCTT	19	44	75	164	164	106	105	105
CGGTTTACCGAGTACTCATTAATAT	1	4	2	5	22	5	14	0
CGGGCTTGATTGCTCAAATGCTCCC	2	21	12	9	38	31	29	10
CGGTATCAACACACTTAACAGACCG	1	2	25	11	13	10	3	0
CGGTATCAAGAAGCGACATTAGACT	35	122	196	149	350	314	232	151
CGGTCAAATTATCCAGGTGAATTGA	4	30	71	41	110	114	102	43
CGGCGAGTTTATTGAGCCACCCCAA	10	81	126	133	177	185	145	24
CGGTGCCGCTTGATGCAACCGCGGC	17	56	45	75	119	92	91	42
CGGGCGACCATTCCGAAGTCAGACT	28	63	176	126	145	172	156	78
CGGTTCTTAATATCCCTACATCGTG	13	30	52	37	103	69	75	46
CGGCAAACTCGAAGGCAACCAAGGA	91	167	285	200	402	324	295	471
CGGTAGAAAGGAGATAGGATAAGGC	24	75	148	116	192	137	155	92
CGGTCTAACAGCGAGCTATCAGATA	76	269	309	496	704	596	627	360
CGGTTGAACGGTGACCTACGGCTTG	4	34	55	44	105	62	93	29
CGGAACACGGAACCCTGGGCAGACG	1	12	36	35	35	26	18	16
CGGATTACTGAATCGGGCTGATGAG	79	436	486	407	889	881	744	225
CGGTCGGCGGGCCTTATCATCTCAG	22	111	183	160	384	353	307	374
CGTTTATTCACAGGCACCCCCCTGG	386	717	2540	2698	2059	1375	1558	1313
CGTTGAGAACTCTGTATATCTAATG	70	162	333	196	406	368	400	466
CGTTTTCAGTTACGTCATACGGGGA	24	47	92	62	201	131	99	126
CGTGCCGATGGCCTTGGGGGCATAA	7	30	60	49	105	106	71	10
CGTAAGACAGTACTGCAGCCAATCC	330	570	971	1115	1353	1008	1075	395
CGTTCGCCGGCCCCATCTTAGATTA	22	78	172	102	340	187	194	43
CGTAACTCCCAATCGTGCCCGCTCA	148	145	340	574	482	307	337	181
CGTGAAAAGCACTGTCTGGGCTATT	240	331	449	1934	982	763	790	1745
CGTTCGGGACGTAACTGAAGTGACA	466	550	1604	1067	1262	1008	1072	1192
CGTGGCAGTCCGAGGCGGATGAACA	723	702	2622	1447	1621	1265	1259	2774
CGTGGCGTGCCAGGTGATTAATATC	138	353	457	339	860	558	645	322
CGTAGCTATCCACCGAGGGGAGGCG	1	3	5	3	6	16	12	1
CGTCCGGGCCGGGAGTAATATACAG	49	112	253	178	366	295	260	200
CGTCCTCGCCACGATCGTCCTACCG	147	129	178	256	350	286	363	396
CGTATTTCCCTTCGGCTTTATCATT	5	40	86	36	117	144	81	105
CGTATAGACGCAAATACTCCACCCC	52	96	156	207	243	262	265	152
CGTATCGCGAGGCCTACGGAACTGG	260	271	543	537	659	494	478	620
CGTATCGTTGCGCCGGGCCATCCCA	18	21	35	37	64	34	53	42
CGTTAACATGACGCCACTCAAGTGT	67	78	183	74	214	169	161	179
CGTACTCAAGCCAATCGTTAAGTAA	25	47	65	79	89	93	92	43
CGTTGCTGCCAACGCTTGCCCTGGC	364	576	674	750	1192	921	816	605
CGTATGAATTACGATCGCCGACTTG	7	40	35	95	105	105	87	22
CGTCACATGTCCAGGACGAGGAAAT	33	26	80	87	66	65	79	62
CGTGGACCTTCGGCTTTGTGTCTTT	11	18	42	37	57	48	58	41
CGTGGAGTTCTAAATCCCTGAGCAA	14	86	182	126	233	160	157	85
CGTTACACCGGCTAATGGTGAACAG	128	142	278	186	329	274	247	282
CGTATGTTTTGAAATCCCCGATATA	0	3	3	1	5	1	3	1
CGTCTCAGTATTGAGCCGAGCCTTG	105	366	784	339	1043	646	702	33
CGTATTTTGTTAGCACGCCTTGTAA	23	134	149	115	377	284	250	50
CTATATCAATCAATGTTTTACCCCC	3	27	25	46	105	76	68	24
CTAACCTGAAAAGTGTGTATCACGT	3	16	37	4	30	25	14	11
CTAAGCTCTATTTATGTCGATCGTG	264	649	1033	1031	1969	1543	1412	1342
CTAATTAATTTTATCCCCGAAAGTA	1	23	16	11	129	109	84	32
CTAACGACTTTTGCACGAAACTCGT	10	75	50	40	207	109	101	41
CTAATTGGATCACCGTAGATGACAA	90	189	470	394	664	477	427	311
CTACAAGACGCCATCAAAGGATGAA	78	277	460	637	1018	673	603	307
CTACGCAAATAATATACGCGTACCT	67	169	205	254	300	285	353	261
CTAAAATTCCCGAAGATGTTATCTG	4	32	46	51	108	77	73	34
CTAATTACTAACCCGCCGTGAAATT	8	72	127	177	343	250	222	149
CTAGCGACCGAATGTTGCCCGTTTA	18	155	115	235	527	321	334	132
CTATTGTACGCGCTAATGCATTCCA	13	43	62	100	120	98	66	33
CTACATTGACAAGATCCTAAGCGAA	69	243	237	239	683	447	325	252
CTACCGAGAATGAAGACCAGAACGC	136	356	579	627	956	917	750	613
CTAATTAGAATTAAGAAGTTTATCA	0	12	20	22	61	76	48	42
CTACTGCGCTCTCTTTCATACAGTT	1	4	3	1	5	3	3	9
CTATGCGACAACTTATATAATCAGA	24	79	144	183	286	182	249	261
CTATAGACCATAAACTATTCCGGGT	73	597	741	1144	1980	1757	1479	1298
CTACTAGATCCCGCCTAATCGACTC	134	317	423	330	1025	940	652	241
CTACGCCTCCGAAAGAAGTCGAGGT	15	25	34	63	72	60	40	85
CTAGTCTGCATTTAACCGGATAACC	33	77	84	102	183	148	100	75
CTACTGACTCCGAGGAGCCGGAAAC	4	6	15	15	25	36	12	2
CTATTAATTGCGCACACACCGTCTA	65	160	177	333	442	355	309	281
CTAGCCAAAGATCGATGGCTCCCGC	20	44	107	43	81	62	113	82
CTAGTTTACATTGACCAGGCTCTGG	17	52	81	130	153	154	148	121
CTACGCGCGCCATATAACAATAGAT	92	231	273	433	976	732	621	269
CTATGATACAATAAGCAGGTTGAGT	2	6	6	9	14	19	24	0
CTAGAGATTTACCAGGGAACGCCCG	21	92	124	179	204	218	166	159
CTAGTATAGAGGAACGCGGCAGGCA	18	28	110	33	76	61	56	118
CTCGAGCAACCAGTAGACCCAAATC	184	677	1406	1333	1589	1324	1186	903
CTCGGTAGTATATGCTTACTCCCCA	24	43	83	83	123	69	116	83
CTCTCACGGGTTGTCAGCGGCATGC	98	304	577	654	1006	760	700	343
CTCAAATGCATTTAGAATCCGACTC	15	59	117	133	198	136	146	83
CTCGCGTGATTGTACATATGCATAC	49	95	156	266	221	184	201	164
CTCTCTCGGTGAGAGGCGGTCCCAT	27	66	83	63	244	223	164	98
CTCATCTTCATAATTCAAAATCTCA	5	36	30	31	127	86	80	20
CTCCCGCTCCCGACCAGGTTGTCAG	4	10	2	8	13	9	20	11
CTCCTTTCTGGCATCCAGTGGTCCT	14	63	165	155	256	180	193	79
CTCCCAGCCCACTAGGCAATTGACG	9	13	34	21	43	33	35	46
CTCGTGCGACGCTCAGTCTAGCCTG	4	13	17	23	20	20	26	14
CTCGGCTAAAACTAAGAACATAAAA	3	25	48	17	85	64	87	42
CTCGACAGGCGACCCGTAGTAGCCA	105	186	617	414	588	402	301	378
CTCAAGAACAGACATCTCAGGTGCT	34	65	155	194	232	165	139	216
CTCCGGTATGGCGATACGGAGACGG	3	2	8	19	14	20	11	10
CTCCACACAACAGTCATTTCATTCA	47	104	145	193	314	245	182	197
CTCAGCTACGTACAATGCAATATCT	236	602	1154	1175	2026	1369	1217	1052
CTCTGTTCGAACCGTAGATAGGAGT	67	132	228	341	504	325	282	260
CTCCGTCTGCAGAGCGCCCATCGGG	218	323	341	537	953	801	594	563
CTCTTAATATCCAAGAATGTATCTT	0	6	6	11	31	28	18	22
CTGGTCCCAGGCGTCTGCCCTTTTA	2	21	33	64	134	112	116	59
CTGTGTTCTTAGACGTGTGCCATAA	102	261	233	297	910	508	575	301
CTGAGGATCCCCAGCCTGCCCAAGT	219	983	1921	1611	2802	2189	2137	1121
CTGCCAGTCGAGGTGAGGCCAAAGT	245	422	807	645	1060	769	885	617
CTGGGGACCAATCCTTTCGGGCTCG	163	263	745	546	1026	687	613	319
CTGCCTCTGTCTCAAAATTGTGCAG	177	601	748	614	1841	1376	1194	362
CTGCACCTATACTCTTTTGGCAGCT	23	77	50	63	249	161	139	83
CTGTGAACGTCTGCTCAGGAAATAT	93	286	574	556	780	643	569	466
CTGCTACCTAACGGCTCCGTGAGAC	173	217	369	525	491	405	475	521
CTGAAAGCCCTATCATGGTCCCGTG	55	134	303	368	595	443	355	272
CTGTAAGTGCCCAGCCGCATCTGCC	22	50	58	66	130	110	71	53
CTGAACAACCACGATAATAACGATG	286	503	672	2228	1354	1239	1153	2317
CTGTAGGCGCCTTACCGACCCCTCC	100	224	405	494	801	645	552	519
CTGATGGGTACAACGAGGCGTAAGG	188	366	419	423	969	803	878	540
CTGACCGGTCCCAAGTCGTAGCGTG	77	109	342	201	323	246	262	222
CTGAAAACACAAAAACTACCCGCAT	3	15	16	25	58	28	23	32
CTGTCCTTCGTAGGCCCTTCGGATG	48	140	136	212	397	354	295	233
CTGCTATGTCTTGGTCGGACTACCC	11	84	110	109	305	202	132	43
CTGCGAGCATGATATTGCTTAGTGC	5	9	15	14	48	32	15	2
CTGTGACCTTTCTTAACCGTGCTAG	0	3	13	6	27	15	22	6
CTGTCGCCGACCAATGCAGCTAGAT	90	418	483	486	1066	846	794	212
CTGATCTGCAGAATTTCGAAGGACC	30	184	238	348	486	528	386	323
CTTATCGCCGAACCACGTACAGTAA	269	573	786	927	1413	1046	931	666
CTTAAAAACATCACGAAAGGGCAGC	214	591	921	1222	1660	1392	1213	1493
CTTTAAACAGTAAATGGTCGGCCGG	105	289	527	648	968	691	580	837
CTTTACGTCGAAGCTCATCGGGGTT	41	103	171	145	359	225	275	213
CTTACCTTTCTTTGCATTGAGTACT	17	79	95	191	322	217	194	152
CTTCACTACTCCTACTGTACTTAAA	58	247	344	430	795	553	571	387
CTTCTAAATGGATTACAAAGAACCT	2	48	66	77	145	185	135	70
CTTTGGCCCCGAAAGTGACCGCCAT	28	29	51	76	95	84	89	142
CTTCGGAAAGGACTAAACTATCGGG	4	37	32	41	93	71	77	45
CTTCAACAAACGCAGTTGTCGTAAC	6	7	20	8	29	20	20	44
CTTAACCAGGTTAGAACCGATTCTA	0	3	5	4	14	3	6	9
CTTAACGACGCCGTACTAGAAAGAA	107	117	368	249	489	393	388	658
CTTATGGCCGCTGCCGTTTCATATC	0	15	11	24	40	32	32	19
CTTCGCGCAATACCTACGGTTCCGT	3	4	14	17	29	19	10	8
CTTGTATGCATCTCACACGGCATGA	167	304	467	545	752	618	617	502
CTTCAGGCTCCGGACAACCGCACCC	37	132	185	175	421	285	308	142
CTTCGTGGCGCAGACGACGGACTCT	275	601	1332	1141	1529	1442	1391	1116
CTTAACACTATCTGGTCTCCATAAC	2	16	23	22	50	32	36	19
GAATTTAACTTTCCAGCACTGAAAC	117	346	485	1484	1026	694	836	1159
GAATCATAGGATTATGTGCCCCAGT	203	550	1239	938	1494	1047	1186	995
GAAGAGAGGACGGGCAGGCTAATTC	148	265	506	480	836	546	598	493
GAAACATTGGCTATTGCTATGGATT	238	447	905	958	1325	977	993	900
GAAAACCTAGCGTGAATGTAGACAG	46	54	62	112	197	121	126	100
GAATGAACAGTCAAAGCCAACTTAA	262	637	892	2485	1970	1425	1597	2117
GAAACGCAATTTTGTGAGTCGACCG	130	258	419	429	717	550	536	228
GAAAAGTCCAGGGGGTTTTGAACTA	1	35	48	86	230	230	148	29
GAAATAGGGCCATGAAATAGTTTGC	7	27	87	91	131	88	62	47
GAACCCACAATAGGCGAGCGACGAA	270	619	1414	1249	1423	1097	1091	715
GAATCGAACCCCAGAGCCGTTACGG	91	349	445	335	874	775	705	240
GAATAATTTTAAATCCGTGTACCGA	0	1	3	5	13	4	9	2
GAATGATGCGCTACTGGAAACAGGC	83	89	152	192	236	173	163	161
GAAGCTGCAACGTAATTGATCGATT	135	333	540	341	642	389	633	650
GAAAGTCGAGTTCGCCTAGAACCCC	18	55	67	132	270	142	113	88
GAATTATGTCATTTTCTGCTGATTG	2	17	26	27	50	40	46	5
GAACTGATTCACTGGACACAAGTAC	151	286	479	488	594	542	590	584
GAAGGTATTGTTGCGCTGACATCCC	121	145	253	251	453	298	280	207
GAAACAAACGCGAATGGTGCGGCAA	0	7	6	3	11	7	8	0
GAACAGCCTCGGGGAGAAACCGATA	7	52	68	161	208	167	125	36
GAATTAGGTCTCCCTATTGACGTGC	6	20	48	32	77	60	47	21
GAACGACATGGTCGTCACACCTGTC	4	40	32	83	89	57	61	17
GAATTGCATAGAGTGAGAGGTGCGT	70	128	293	182	330	204	218	130
GAACACCTTAGCAGAACCACGATGC	117	116	232	242	380	275	282	362
GAAAGCACATCGCTATCCAGTTCCT	1	2	2	1	1	2	2	7
GAAACTAGCCACGTAAAATATAGCG	21	46	134	56	131	106	80	34
GAAGTTGAGAAATACGAAAAGTAAC	58	200	325	593	617	451	489	553
GACACATTTTTAATATGTAACATGT	79	383	401	705	1274	806	881	720
GACGCCAGTATCCCTTTCTACCACC	1449	1801	4241	1398	4667	3472	2995	4187
GACCCACTTTTCCGAGTAGCCTCCG	155	339	423	553	899	845	629	589
GACCCCAAAGTGCAGGGTTAAACGT	219	374	782	393	792	596	597	515
GACAAAAAGAGCGAAGAGTCAACGT	226	409	756	795	1018	778	694	566
GACCTATTTTGATGCAAATTTCGTT	54	119	168	290	410	315	207	387
GACCGTAGAGCAGCGAGCAAAGAAG	182	231	477	336	675	456	340	257
GACTCCTACCCGTCACATGAATCAC	4	12	22	18	45	25	24	8
GACGCAACTCAGAGGTCAGTTACTC	3	5	7	1	9	2	5	2
GACAAACGAGTATTATCAGCCTCCT	21	51	87	76	110	114	125	76
GACCAGGATTAAATTTCGATAGTTA	53	365	587	1115	1123	793	850	609
GACTGCCGAAATCCTTTATAAACCC	6	31	67	67	125	124	94	40
GACCCTAAAGTCGTTTTGGCCCGAG	200	459	923	1072	1055	921	827	1044
GACTTTTTCGCGCTGAACGACTATA	69	196	515	400	744	532	571	552
GACGGTTAAACGGTAATATCACTGG	57	60	117	82	169	69	91	86
GACAAGTATAGTCCTGCACTAGGGG	22	28	73	16	37	39	39	86
GACATAATTCCAGACGAAAAAGAAG	2	8	3	18	26	11	14	7
GACATACACAAAGCCGCTGGATCAT	43	59	95	97	167	112	93	72
GACTAGTCTGATCCCCCGGGAGTCA	18	38	86	67	119	111	74	63
GACTGAGATCATACGATCAACAGCC	26	40	50	48	74	57	72	68
GACTAGACATGCACTCAATTAACGA	559	621	1328	1488	1819	1300	1262	1355
GACTTAGCAGTAAAACTGTGTGTTG	4	33	16	50	85	49	36	8
GACTTTCTTGTTAGGCCTCAACACT	2	8	6	24	24	15	23	4
GACTATGAGCTATTTATGGTCTACT	41	195	217	186	409	290	326	173
GACCTAAGCGCAGAGACTAATCCGG	2	13	13	3	39	32	19	8
GACTACCGGCACGTTGACATTAGGA	26	95	66	230	161	150	98	46
GACGATGAATCTATGAGTGCCAGGA	3	8	48	23	33	23	31	14
GAGAACTACGGAATTGGCAACGACC	441	714	1492	1463	1836	1284	1204	1145
GAGATAAATATAATATCTTTAAGCG	17	449	689	774	1468	1441	1200	591
GAGTATACCGGTCCATACATAACAG	1304	1325	2884	5513	3623	2688	2658	3519
GAGGCCAAAACACATTGGTATTTAC	318	256	956	831	933	737	624	655
GAGATCGTGATTTCCCACTGACACG	90	110	233	125	250	250	195	260
GAGGACAGAAGCAACCGTTCGTCCT	768	947	1636	2210	1699	1404	1670	2488
GAGGCCAAATGTTCGCACACCCGCA	504	624	1696	1270	1855	1559	1382	1058
GAGTGCAACCGGTGCTACGCTAAAG	56	31	111	106	100	83	71	121
GAGCCGATCGCCAGTTGGTCCTCCA	221	312	600	647	886	728	687	411
GAGTGACGAGTCAAAGAATCTCAGG	4	17	10	3	45	8	33	14
GAGTTCAGAATGGCTACAATTGTCT	4	7	20	2	12	39	28	1
GAGCTGCAACAGGCTTAGCTCTTAC	19	39	54	35	56	64	54	14
GAGATCTCCTACTATAAACCTAGCG	81	138	263	360	464	327	308	413
GAGAGAAAAAGGTAGTTCGCTTCAA	6	7	8	7	13	21	5	3
GAGAGCACTATGCAATAGAATTAGA	2	7	23	5	9	12	9	26
GAGAACCCCTGGGTATACCAAGCTA	10	57	63	88	180	181	153	72
GAGCAGTATCGAGCTAGTTAGTGTG	44	51	117	114	210	152	164	43
GAGCAATAGGTACTAATGCTTATGA	89	172	388	195	534	363	352	90
GAGCAATGCAATTTTTAACCTCCCT	41	72	143	104	217	148	186	158
GAGGGAAGCAGTCGGTGGACTCGAT	14	14	41	24	48	35	40	2
GAGACTCGTGTGCCAACACGGCGCC	6	6	3	7	22	4	28	4
GAGAAGTGATACCCGGCGGATCCCG	121	240	525	555	667	532	496	430
GATTTCCCTGGATCGCAATATGGAC	268	649	1264	1383	1293	1104	1306	976
GATAAACGATATACGTTTTTTCGAC	15	67	124	61	135	104	194	188
GATGATGCATAAGGTGAGGGGGTAG	213	241	569	504	649	357	355	686
GATCTGCCTAGTCCGGTCAGGGCAA	804	1023	2468	2034	2240	2010	1910	2002
GATCTCATGCCAAAAGCGTATTTTA	30	413	631	957	1350	1002	935	357
GATTACACCATAAGCCTAGAGCTTA	60	369	549	434	1195	869	724	254
GATTAGGGTTTACTAATTAAGCCCT	13	92	127	79	296	232	198	128
GATTGAGACACTGTGGCTCAGTCCG	328	612	1070	1022	1306	1175	1055	941
GATATCTATTAGGAACAGAACCGAA	10	38	44	46	71	40	75	52
GATCTACGGGAAATACGCCTGTCCA	134	212	362	429	424	303	270	430
GATGACCGCTCGTAACTGAGGTCTA	22	19	69	28	47	58	37	24
GATGGCAAGCCCTAGGCGCTACCGG	262	559	921	522	1176	886	930	359
GATCACCGAATCGAATCAGAGTCGC	98	225	488	622	507	369	471	481
GATAGGAAATAGTATAAATTCGACC	6	21	37	12	59	43	47	36
GATGAACAGCCGCTGAGAACGACGC	162	102	158	178	250	155	169	216
GATCTTCGGAGACGACGCCCGAATG	76	210	415	288	536	422	323	251
GATGACCAGGTGCAATGTCTCTGCA	411	451	919	789	1339	946	859	894
GATAGACGACTCCCTATGGCAGGTA	24	63	102	97	115	100	99	55
GATGGATACCGCAAAGATCAGAACT	23	111	193	148	294	182	222	121
GATTCAGAATCATGTCATTGGTTTA	4	13	9	19	41	33	17	6
GATCCGCCTGCTGAACAGTACAACA	17	20	41	41	60	68	75	18
GATTCCTATATAGGAAGTGCAGCGG	25	24	63	36	64	61	35	22
GCATAACTATGAAAAACTAAGATCT	98	1287	1436	2080	3681	3402	2993	1376
GCATCCAGTCGACTCTTTCCTTGCT	636	1298	2527	2705	2737	2307	2395	2591
GCATCGCTATGTCCCCGACTCCCCC	700	843	1964	1485	2548	1681	1630	1180
GCAGTGGACGATCAGCGATAGAACA	443	621	1792	1601	2043	1383	1385	1634
GCATCGATGCTTGAAGCTCCGGAGT	2777	8159	20652	10732	28075	22584	21468	8187
GCACGGCCTGCGGCAAAATGAGCCG	186	425	733	758	1076	840	898	257
GCAACATTCTGTCTGGTCTAGGGGT	590	1340	2362	1979	2906	2555	2403	1749
GCAGTCGTATCAAAAACGATCGGCA	28	81	142	121	292	140	184	194
GCAGCACGACTAACCCTTATTTTCC	204	235	514	670	739	561	515	516
GCAGACCTTGAACACACTGCTTCGG	284	529	1086	939	1149	798	822	519
GCACGCAATGATAGCCTCTCGCATA	4732	5262	12299	10307	13538	11129	10330	12447
GCATGAAATACGCACGGAAAAAAGT	9	25	59	44	98	58	60	50
GCAAAAATGCGGAAGGCCAAAGATG	64	61	201	155	235	197	150	177
GCACGTGTATTCCAAACTGTAAGAT	219	305	495	629	606	543	557	568
GCAATCCACATGATGTTGAATAGGA	181	237	493	577	580	500	450	372
GCAGGGGCAGATCTTGGAGCACGAA	32	112	219	188	293	211	188	94
GCACGATATTAGTCGTCTCAGGCCC	196	205	646	592	520	505	548	774
GCATGAATCCTCGTTAGATGGTAGC	258	475	1296	583	1239	905	976	182
GCACTGTGCTTAATGTAAAAAGCAT	10	18	26	30	64	70	53	26
GCACCCCATGCGCTTGTCCTCCTTT	82	164	240	402	496	390	365	193
GCAACCGCGTGAGAAAGGGAACATA	123	140	215	380	351	308	315	364
GCACCCGGTCATAGTACGATGAGAC	308	224	386	485	501	311	231	771
GCAATTGCGATCTATAAGTGCTTTC	21	109	179	171	296	220	254	84
GCACGCTAACGTTTATAAATCTGCG	11	25	52	17	50	41	47	41
GCATGTATGCGGGTATACTCATGGT	35	113	146	155	243	188	214	40
GCAAGTTGTCTGGTGCGGAGACCGG	177	272	582	356	767	618	552	246
GCAGGAACGTGAATCGACATATAAA	3	2	17	2	16	18	18	3
GCACGCCCGATAATTATTCGTGGTA	5	4	4	10	4	6	7	8
GCAGTCCTCATTAATATGGTGAACA	22	14	32	8	26	20	28	50
GCAGCATCTTGCAACGCCCTAACCT	236	284	594	544	572	576	478	530
GCACAGTAACTTCCGATGAAACAGA	91	175	366	346	439	320	411	306
GCATTTAGTGTTGCTTGAGTGCAGT	6	12	14	16	30	30	20	3
GCACACCTAACCCTGGGAGACCACA	94	165	272	266	428	298	302	158
GCAGTTAATATGGAAGATGCCTCTG	211	258	752	617	934	588	628	792
GCAGCGATTCACGTCGCGCATCGTC	59	65	118	89	161	121	95	158
GCACACTGCTAGACGCCACGAACAT	428	479	954	1234	1386	1051	1151	1003
GCCCCAAATGAACATTAACGTAAAT	113	526	907	439	1057	985	870	139
GCCAACATTTTGCCAGACTAGCTTC	943	1734	3228	3623	4258	3634	3305	5708
GCCAAATATTTTCCGTAAACCGGAG	57	347	693	586	1056	859	757	132
GCCACGGCTTTGACATACTGCCTCA	310	572	988	844	1372	1090	1054	684
GCCTGGTCACGATAAGTTAAATCCT	622	1102	2326	2967	2870	2284	2446	2431
GCCCAACTCATGGAGAGTTTATGAG	138	831	835	914	1499	1290	1099	1009
GCCGGGGTTGAGCTACCAATGGACT	20	58	97	73	130	138	109	38
GCCTAGTCACTTTAAACACGATGTC	224	481	560	958	940	833	868	923
GCCTCAGTAGTCTTTGTGTCGAGTC	90	255	420	435	642	460	404	237
GCCTGTCTACGTATGCCCAGAACTA	150	188	324	522	505	391	364	449
GCCCGTAGCCTAATCCTGGGTCTCT	108	346	366	218	773	703	507	517
GCCTTCATACCCTGGTTGGGCCACA	57	150	224	224	370	242	288	135
GCCCTTTAATACTAAGACAATTATA	30	342	346	551	1125	924	923	478
GCCCAATTTCCGCTCAAGACTCGAT	18	49	137	124	135	95	125	149
GCCCGTTCACCCGGAAGTTAGCATG	209	255	490	571	673	495	596	769
GCCAGTGTAGTAACTCCAGAAAGAA	137	388	779	325	852	637	656	732
GCCGGCCAATTCATTCCCCTGAAGC	111	177	317	226	427	392	297	163
GCCCACTTAAAGCGCACGCCGCCCG	200	499	483	655	1113	899	734	513
GCCATTATGTCATCTCCGCGTGCAG	292	362	790	943	1342	930	1081	975
GCCCACCGTAGGCCCGTAATACTCG	4	3	5	4	1	4	1	2
GCCGATAGCCTGGGGCTCTTACCAC	7	19	65	39	44	12	13	75
GCCTCAACGAATTGCGCAGATTATC	117	211	292	282	363	351	439	392
GCCAAATAAGAGCGGCTGCACCGAA	17	110	123	134	287	234	262	110
GCCATCGCAATGGCATAATTAGACT	2	21	9	10	21	13	15	2
GCCAACCGTAGTTGGCCGGGGTTCA	52	77	184	201	219	219	197	270
GCCCCTAGATCAATGATCCAATAGG	48	200	296	261	655	445	402	90
GCGGTTATGCCCCGATTTGCGACGA	187	336	331	370	802	635	603	380
GCGCATTAAACTCCCCCCTTCCTCC	328	483	901	783	1400	1181	1109	1454
GCGGAAAAAGTGACTTACCATGATG	374	565	1779	1098	1330	1113	1151	953
GCGTAGCAAACCGACTGTCTCCTTG	184	368	968	483	758	413	737	1016
GCGTCCAAATGTAAACACCACAAAC	253	261	532	679	724	539	527	563
GCGCCTAGAAAGATTCCCTGTTCAT	506	792	1679	1804	2049	1922	1605	2204
GCGGGTATCGATGATCATACGACAT	259	237	853	409	588	364	459	663
GCGGCGTGGGCCAGGCTGGTCCATG	375	195	955	607	985	792	783	818
GCGGGCGACCTTAGCGAATTTGCCG	495	721	1479	1553	1780	1353	1300	1289
GCGGTAAACATATGTGTGAATCTAA	56	71	206	194	211	182	179	214
GCGTCAAACAGAAAAATCTGGCAGT	31	143	246	234	486	477	348	143
GCGGGGCAGGGCCGCCCCCTTCAAC	45	31	154	190	237	163	106	171
GCGTTATCAGGTTGATCCCTACCCC	698	705	2004	2062	2378	1863	1649	1851
GCGGGGTATTGACCGAATCGCGCTA	282	287	810	369	676	577	456	673
GCGGGGGACATTCCCGTTTAATTAC	182	249	639	604	843	569	783	500
GCGAACGCCAGGTTACAACCGAATT	67	202	379	325	426	326	326	198
GCGGTATCAAAATCTAACGTACCTG	35	12	40	34	43	42	16	46
GCGCGTCAGAAGATCCTCTTCCCTT	120	203	436	481	390	364	415	319
GCGGTCTTCGATAATCCAGCTAGAG	2	3	11	3	22	11	11	0
GCGCGGCCTCGCACCAACTTAATCA	82	83	205	75	194	138	160	309
GCGGTCTTGCCTCACAGGCGCCACT	7	14	29	31	41	27	30	8
GCGTAATGCGATGTTCTAGACCCAG	2	6	12	9	9	5	15	0
GCGCCGATACACGCCTGACGACTAA	91	184	267	153	396	336	356	77
GCGAGGAATGCAACACTGTGTCATG	115	219	320	139	414	390	277	47
GCTGGCTCGCTGTCCCTACGTAATC	9	25	33	22	44	76	35	4
GCTCTACCGGCAAGTCTGCCTTGTT	903	1266	2325	3775	3444	2824	2764	3401
GCTGATATAAAAGATGCGGGAGGTG	144	533	664	664	1154	1088	995	537
GCTACCGTGATGTCGCCAGTAAACT	317	439	780	762	1003	883	887	791
GCTAGGCAAAAGTAGAATAAACGCT	33	207	280	350	561	577	523	370
GCTGTAATCTTCGTCACGATTAGGT	272	438	1009	789	1169	1067	901	683
GCTGGTCGGAGGTGCGCTCAGATAT	15	37	38	98	81	49	60	16
GCTACTTTCACATGCAGCAATTGCG	9	59	85	90	178	85	139	65
GCTTGAGCAGGTCTCTTTAAACAGA	6	39	45	58	150	120	64	29
GCTGGCCCGTACCCGCAGTGTTTTT	11	26	61	58	82	56	56	13
GCTCACGCCTCGACTGTCGGTCGTG	668	706	1072	1614	1867	1536	1361	1193
GCTCACTCTGTCCCAGTGCGCAAGT	699	865	1207	1566	2261	2109	1483	1615
GCTCATTGATCCCGCGGCCCATGAT	23	14	26	22	32	43	25	29
GCTACAGAATTGCCGTTACGGAACG	186	381	443	903	686	752	718	500
GCTCAACGCTACATAGTAAACGTAC	15	44	71	92	120	79	96	36
GCTGTCACTGCTGTGTGACAGGTCC	16	24	39	20	69	39	51	12
GCTTGCCTGATTCCAGCGAATGATT	7	9	25	9	24	21	22	13
GCTGTGTATAGGCTCACCAGGCAAT	128	173	409	433	399	409	356	363
GCTCTTGTATTCAACATCACCCACG	116	132	220	219	420	354	228	315
GCTAAGGTTCCCGACGCTATCACGT	1063	1334	3400	2557	3665	2596	2655	2115
GCTCACAGAACAACGCCTGAGACCA	59	156	256	116	367	306	228	66
GCTGTGGGACAGTCCTAAACCGGCT	1	2	0	0	6	5	12	3
GCTCTAACTGGTCGCCGATTCCCAA	1	2	4	1	2	9	23	3
GCTCTACCACATCAGTGTAGCGAAG	161	325	438	301	653	567	504	227
GCTTTCGGTGTTGGCTGACGGGCTG	20	20	20	41	70	51	77	29
GCTCCTCTCCGCCATTGTGTAGCTT	141	286	463	550	793	749	559	148
GCTACGCGCAGGAACTCGCTGCGGC	20	53	77	79	154	141	87	42
GCTCGGATTATATCCGGATGGAGCC	5	6	9	10	23	28	35	16
GGAGGGTGGCCATGGAGGCTAACCT	1248	1758	4509	2978	4004	3031	2919	3989
GGAGGTAAGGAGTATTACATTGCCG	785	1052	2013	2164	2451	1856	2001	2111
GGACAAAAATGGAAATGGCGTGACG	175	568	1147	545	1238	932	772	183
GGAGAGTTGGCTTTCAACTACGGTA	488	1125	2401	1818	2507	1842	1931	1360
GGAGGTAAACGGGCCCACTCCTCGG	184	173	404	302	412	274	257	336
GGATGCGCGGGGTGCTCATGGATGT	61	84	178	141	182	156	108	101
GGACGCGTTCGGTTGAGGGCCGGCA	343	534	1436	1303	1528	1349	1387	1250
GGATCTGAAACCAGGAGCCTTGTCG	83	189	181	336	478	409	327	181
GGAAGTGCACCAAACCATTTATGGC	234	275	545	335	615	500	466	290
GGAGGTCATGAGTCTTAACCAGGTT	39	98	122	122	267	194	233	92
GGACAGTTTTACACACATACTTTCG	48	178	248	250	422	315	353	181
GGATAAATGTACCTGATATTTCGGA	60	338	533	515	856	664	687	278
GGAGACGCTTGCTCACAAGATTTCC	7	23	41	14	56	44	49	60
GGACCCGAGATTTATAATCACGATC	6	21	23	17	89	54	44	9
GGAGAAAGGGCCTAGTAGTAAGGCC	34	68	170	111	146	146	108	160
GGAATTCCAGAGTACTTCCAACGCC	175	489	717	1027	1209	987	956	682
GGAATAAGTCACAGCTAGTACAAAT	8	24	45	29	69	76	40	9
GGATCAACATGCTAAAACCCAAGCC	180	437	295	490	1169	939	963	594
GGATCGTGGAGGTACGCGGATAAAT	60	58	234	233	169	215	131	162
GGATCGCATGTATCAGGTACACATC	18	25	58	33	88	57	44	36
GGAATATAGCTGCCGTGCTTCCCAG	77	193	376	267	674	418	379	278
GGAACCAGATCCTGCCAAAGGATTA	37	89	170	151	242	173	179	176
GGAGCACAGCAATCCTAGAGGTTGT	62	92	242	199	255	232	193	297
GGACTTATCTGAAAATATGTAGGAG	6	46	41	47	87	93	79	59
GGAATTGAATCTACATTCGAGAATC	126	290	826	469	965	684	744	1309
GGATGTTGGTTGATTCTTACGCACG	42	77	173	187	236	147	182	61
GGATGACTTCACCAGTATCCAAGGG	0	24	44	24	43	50	42	2
GGCTACGCTAGTGGGATGCTCCCTT	304	452	1071	622	923	855	768	673
GGCAGCTTTTCGTCTGACTAACATC	100	184	414	171	412	287	330	659
GGCACTCAGGATGGGATCCCCTGCG	150	223	409	370	563	457	356	259
GGCTCCAGGAGCCCCGTATATTTCC	21	127	279	216	520	418	369	278
GGCCACCCAACTATGCGTTCCGTAT	232	563	983	830	1244	969	1061	599
GGCCGTATGGACCTATATAAAAAAG	41	213	228	188	517	443	346	308
GGCGGGTTACGTTCGGTTCGGGAGA	66	116	189	167	198	149	187	159
GGCTACTTAGTCCGGCCCCTCGAGG	8	15	30	20	27	27	27	19
GGCATTATACGAGAGACCTAGCCCC	334	449	1694	740	1278	1021	1035	1917
GGCGAGTCTCATCCGGCGAGCAACC	150	197	390	453	459	380	413	268
GGCAGTGCGCATAGCGTAACTGCGC	53	70	156	87	108	82	118	114
GGCCTTGTTGCACAGCCAATGGCCC	70	91	253	275	205	210	247	110
GGCTCACCAGATTAACAGAATTTGT	289	726	1535	1396	1793	1727	1339	1303
GGCTCCCGTGTGCGTAATATCAGTT	4	2	13	13	14	9	8	8
GGCTAAGTGAGATACTGATGGTCTA	40	304	381	360	661	588	592	270
GGCCATAATGCTTGAGGCGAAGGCG	152	181	315	344	443	383	292	448
GGCTTCTTAAAGTTAGTGGACCGGT	17	44	115	133	160	157	152	170
GGCTGGAGTCTCAAAATTCTGTGAC	2	3	3	0	3	3	1	0
GGCTACATCTGAAGATACAGGATAA	95	164	216	255	383	327	300	262
GGCTCAAAGCGTAGGCCTACAATAG	4	6	17	29	11	13	10	12
GGCTGTCCTGAATACATGTCATGTC	2	5	3	0	3	3	1	1
GGCCGACCCTTAGAACGCCCTCATG	3	6	20	22	23	33	33	74
GGCCTCAACAGCTATATGACGGCGC	197	204	373	442	480	418	399	557
GGCTTGGAATGTTTTGCACCTCCGT	53	102	206	192	360	245	256	92
GGCTCAGCATAGCGTAACCTACACG	177	250	371	447	455	360	435	408
GGCAGAGCGGGTTGATAGATCTAGC	412	416	827	1183	1147	820	983	1023
GGGGTTTCCTAGGAGCAACCGGCTC	98	6	314	258	388	294	338	339
GGGGGGAAGTACCTTCTGCCGGTGA	269	24	930	1294	1294	962	950	672
GGGAGTTCCGCTTCCCACTGCACGA	596	685	1566	135	2031	1461	1578	1305
GGGTGAGAGGGGGAGAGACACCCTG	83	248	545	470	815	567	530	135
GGGGAACGCCGATCCTACTAAAGTG	277	311	604	1027	1074	842	669	576
GGGCAAGATCGTAAATGGTTCGCAC	19	38	48	39	87	49	47	38
GGGTAGAGCATAAGTCTCTGGACAG	11	12	18	26	35	41	19	41
GGGACACAATCCACATCTCTATATT	47	65	134	111	286	232	198	199
GGGACCATATAACATTTAAACAAGC	90	454	823	650	1385	1008	1125	518
GGGTAAGGGCGAGTGCACACAATGA	88	103	227	156	367	301	299	77
GGGTACGGAAATCTCGCCTGATGCT	205	161	208	218	284	276	246	244
GGGTCGTTTCAAAGCGTGGCCAATT	4	7	34	16	64	47	38	1
GGGAGTTATAGATAGGTTGCTGCTC	251	733	1511	613	2054	1735	1747	568
GGGCATGTGAATGCATTAAATTCGC	3	14	15	57	16	25	22	10
GGGGAGGGCACGTCTGTTGAGCCGC	37	2	70	52	105	73	56	47
GGGCGAAGACTCCCCACTGAAAATG	5	12	18	27	44	33	29	21
GGTCCAATACGAAGATATCCAGTAT	48	171	260	144	346	279	273	63
GGTTCCTGCCGTCATCCTAGTGCAC	668	846	1810	1929	1918	1452	1477	1272
GGTTTGGCTCCCGATAATAACAAAG	106	293	351	374	828	579	595	416
GGTCGATGGGGTGGCCTCTTGCACA	28	59	72	89	185	127	130	41
GGTCTCGTGACATTAGTCTTAGTGA	5	34	33	63	71	39	46	25
GGTTACACACGTGGTTCTTACCTAT	11	32	36	42	31	41	74	19
GGTCATTTAACCGTTAATAGCACCG	37	61	138	57	116	101	123	194
GGTTCGAGCGCAGAGACGGCTCATA	96	93	240	83	193	185	150	363
GGTATTGCACCCTTGGGCTGCTAAT	35	51	129	80	149	103	112	209
GGTCGATAGCAGTACAGAAAGCATG	5	8	16	20	25	26	21	7
GGTAAACGGGCAGATTAGAATATAC	0	7	6	15	7	17	12	0
GGTACGATCGGTCCTATAAGGTCTA	60	249	455	222	781	586	564	113
GGTCGATATTCGTAGATGGGCTTGA	41	17	65	47	81	43	38	47
GGTGCACGGGTCTATAATTCATTAA	8	46	48	69	95	103	94	57
GGTCCAGCTCAACTTATAGCCTCCT	0	1	6	5	21	6	25	5
GGTCTCCTGCACATCTATAAATACG	6	7	6	18	15	11	22	20
GGTCATTGCACCTCCCTTCACGGAA	3	9	3	11	6	7	9	3
GTAATGGGGTTTGACGCGACTACCG	186	309	794	463	737	606	581	437
GTAGTACTCATCGGATGATCTCAAG	701	946	2734	1838	2813	1711	2049	1933
GTAATTGGCTTGGAGAAACAACAAT	64	166	316	383	484	328	379	430
GTAAGCGACTGAGGAAATGTGGCGT	398	547	1091	1667	1461	1153	1175	1344
GTACGCTCTCAGGTTACCCACGCCA	1231	1678	2468	3251	4896	3486	3381	3307
GTAAAATGTTCCGTCTCTGACCGCG	30	62	78	90	130	100	117	55
GTATGAAAGAAGCCTAGAAAAGATG	35	242	485	172	1015	746	503	209
GTACACCCACTCCAGCTTATCTCGA	134	149	212	544	430	343	349	462
GTAAAATAAAGTTCGAGAACGAGTT	16	101	213	213	334	272	233	243
GTAAAACAGGGGATGGGAGCGATCG	443	357	1350	1037	1197	988	906	1145
GTAAAAAGAAGGGCTCCATAAAATC	0	23	18	28	143	129	98	16
GTATGTCGCCTGTAGTCGTCCGACG	274	578	1112	914	1025	1025	1066	341
GTATATGTTCAGCTGGGCTTACTAC	327	771	2178	860	1757	1598	1550	2030
GTACGATTCCGAAACGACCCCTTTC	49	93	164	171	309	209	197	228
GTATCGTGTGGGCTATTTCACCCTC	8	9	6	9	23	12	17	22
GTATATCCGTACAGATTCAGAGTTC	97	314	510	336	826	681	627	140
GTAAGTGGAACTTGCCATTAACCAT	47	70	201	110	166	161	122	167
GTACTCACGCCTCTCTATACAGCAT	16	47	62	56	82	95	76	75
GTAAACATTAATAGAAACCAACGGG	2	23	30	23	65	56	26	14
GTACGTTAAACATACATAGCAGGTT	22	72	118	58	203	169	174	30
GTATCAAGTCCCATGCACGTGTGAA	211	570	879	809	1401	924	896	511
GTAGTATTGCTAATATAACCTCCAG	0	11	1	7	24	5	14	5
GTATGGTTTAAATTTTCAAACCAGA	1	64	69	43	159	147	138	23
GTATAATAGTTCGACCAGCGAATCA	160	242	458	451	647	503	473	448
GTAGATTTGCAATACCGAGCCCACC	11	27	24	62	107	74	50	13
GTACGGGTCCCTAACCTAAAGGAGT	42	2	170	278	553	456	323	122
GTACCAAACCCGCGTGCTTGGCTGA	32	90	118	146	239	172	155	37
GTATACTTAGCGCTTAGATTAGCAA	0	3	6	0	6	7	6	9
GTACGAAATGCCTTTGATCAAACAA	30	52	77	84	259	131	142	49
GTCTAGAAAACAATTAAAAGGATAC	38	485	685	677	1423	1275	1226	923
GTCTCAACGATATGTTATTTGTGGG	81	180	324	225	516	451	439	525
GTCTCTGAACGTATATAGAGGGCTC	92	242	236	266	604	495	517	330
GTCAAGCCCATCTGCCCCATAAATC	403	623	1346	1044	1500	1166	1165	942
GTCCCCACCTTGCTGGACTCGCAGG	130	325	447	372	710	629	492	70
GTCCGTGAATTCCCCAAACTCGTAC	143	219	698	152	549	390	324	580
GTCGGTAGAAATAAATTGAATCCCC	56	237	246	497	681	591	524	349
GTCCATCCTGTAACCGGGTCCGTAT	296	312	545	807	886	665	664	635
GTCACGTATGACATACCTATGCGGG	1093	1327	2356	2916	2978	2650	2658	2243
GTCGTAATGAAGCGCGCAGACAACC	186	309	615	435	766	551	493	482
GTCAATCTGCGGGGTGGGAATTTTT	16	61	102	104	207	200	153	135
GTCTATATCACCCTGCGAGTCACGG	424	446	925	867	1842	1370	1213	1054
GTCGGCAGCACAGGTAAGCCGGCAC	954	711	1233	1754	1719	1227	1033	1257
GTCCAAGGCAGAGTTTTCACATAGC	23	90	147	111	183	144	141	67
GTCTGTCGCGGACGACGAGACAGTT	11	20	63	24	28	23	51	84
GTCGTGGCTACCACCTAGTCAATCT	49	41	95	89	85	90	84	142
GTCGATTGCAGTAGAGGGTGCCGCG	223	218	365	436	508	406	389	376
GTCCGTGGAACCGCCCTCAAATGTT	112	130	293	369	306	250	192	256
GTCGAACATGCACTGGAGCTTATCC	17	28	17	11	96	44	66	37
GTCTTCACTAAATATGTACCATGGG	18	70	52	56	182	124	105	34
GTCATCCTCCAGCCGGTCGCCAGGA	188	408	628	584	1135	782	747	633
GTCAGAGACATAGCTGAAAGTCAGC	282	505	1232	1142	1196	947	1026	757
GTCTATGTGTAGTAAATCAGTCCAC	25	93	108	174	336	228	193	22
GTCTATCGCCATTTTAAATTCTCGG	3	19	47	39	35	54	52	3
GTCAGGCCAAAAGCCGAATTTTACT	11	34	72	18	105	52	80	90
GTCCACCGCAGCAGACATGAACACG	581	417	731	520	698	762	705	829
GTCTAAAGTCCGTTGGGAAACGGCG	11	20	77	62	93	73	62	51
GTCGTCGTCAACATTGGCGGCTCCT	1	3	1	3	5	4	4	0
GTCCCTTAGATAAATAACATTCCCA	8	21	46	41	111	66	55	17
GTCGATTACCCGATTCCTACTGACA	8	10	17	10	19	17	11	22
GTCTAATTTGTGCCCGGAAGTATCC	35	108	151	126	282	215	199	208
GTCCGGCTTCTGAGTGAGCATGGTC	10	70	108	83	230	195	203	30
GTCGCTCCTCTTATAACTCACCTGG	49	31	43	55	120	117	82	84
GTCGCTGACACTACGAGCACTTAGT	48	62	113	117	144	87	93	129
GTGGCGACAGGCGGATCCTAAAGAT	229	174	575	307	573	449	458	977
GTGTGAACGTCTTGGTTGAGTGTCA	127	651	893	738	1400	1265	1002	254
GTGCTGAATCGTTAAAAATAAAATA	13	215	81	384	623	550	459	465
GTGTTGCCAACCTGCCACGGTAAAA	82	173	332	145	471	336	330	147
GTGAACATATATGTCTACGTATTTG	97	144	294	245	362	318	371	555
GTGGACCACCTACGAAAAAGGGAAA	29	72	160	91	188	126	178	32
GTGTTCATACCTCGACTTAAAAATC	23	127	187	255	422	272	319	290
GTGTTGAAATTCTCAGCGACTAAGT	196	298	525	955	969	715	691	874
GTGGTGTGGACTTTGCAGTCCAGCT	20	22	133	48	84	52	64	46
GTGTGATGTACGATTAGTCTGAGTA	4	2	8	8	12	13	15	11
GTGTCCGTACCGGGAGGCGACTACC	488	526	1507	987	1153	920	995	1547
GTGACCGCATAAATCATACACTCTC	172	151	410	462	427	317	273	386
GTGGGTGGTTGTACGTACCGTACAT	51	70	106	59	135	115	121	44
GTGGTAATAGAAACCCAGTTTATCT	8	22	29	39	54	32	48	34
GTGTCACCAGATCGCGAAATGCGAT	101	111	175	441	233	159	233	378
GTGCGCGTGTGCGCGCTGTAGTCGA	4	8	15	10	28	22	18	4
GTGTGGTTGGTTAACGGTATACGAG	141	327	503	349	783	546	567	196
GTGTCGAATTAGACCGAATTCTCTA	31	76	165	168	208	82	142	123
GTGTAAGTGTACTGTCTTCAATGGT	343	683	1080	1218	1430	1092	1306	1296
GTGTTGACAACGTCCTGGCAGATTA	6	7	20	16	30	26	15	17
GTGTCGCACAGATCAATGTGGAGTG	378	832	1426	2560	1915	1444	1836	1377
GTGTGCACGTCACAACGACGGGTGG	397	345	681	633	858	517	629	641
GTGCACTAGTTCCTAAGTCTCCCCG	5	1	8	8	7	2	10	21
GTGGATGTGACGTTGCCCTAGAAAT	312	725	1601	918	1505	1318	1422	894
GTGATTGTAGCCAAGAGAGAGAGAT	93	213	376	284	542	445	419	259
GTGATGTCTTATACGCTGTTTGTGC	105	165	203	398	325	305	280	248
GTGACGCACGAGATGAACGAATGCG	153	159	260	198	197	228	189	177
GTGCATAGATGGGTGAGAAATCGCT	2	23	34	15	36	29	48	10
GTGCCGATTCCGAAGATCCACCATA	34	43	73	116	135	117	115	120
GTGATGAGGTCTATACCGCCTCCGA	9	13	51	37	38	33	40	36
GTGAGGATCCTTCATGAGAACCGTA	1	2	0	6	14	9	8	2
GTGGATACGATGAGGATGCGCTCAG	22	70	124	87	171	117	94	14
GTGATGACACCAGAACACTATATTC	106	292	614	340	699	546	609	403
GTTTGCCAGCTGAATGCTTTCAGTG	1514	2607	5485	5843	6969	4955	6022	4301
GTTCGCTGACTAATCTTGTCGGGGC	78	132	159	196	261	202	193	234
GTTGAGTAATACTTAGAGGGCTTTC	51	523	632	497	1424	1224	1011	332
GTTGGTCTCGATTACCGGAACCTGC	38	82	186	107	196	160	169	79
GTTTAGGTCTGTGGCAGTTACAGCC	230	500	1114	1160	1845	1204	1106	845
GTTGGCATGCGGCATGGATTTTCAC	22	27	45	32	38	54	41	59
GTTTGAAGATCCAAAATACTCGGTT	12	62	69	61	150	123	114	188
GTTTCTCACAACTAAAAACCTTTTG	13	133	121	159	488	351	341	46
GTTTATAAAGTGCGGCCGTAACAAA	31	106	202	332	428	242	291	225
GTTGGAACAATTGATCGTATTCCAC	3	6	11	14	16	8	15	0
GTTGACGATAGGAGTTAGGCTCGCC	403	430	914	967	1279	871	864	864
GTTTAAGGATCACTGAAGTCCTCCA	26	12	24	10	77	52	55	36
GTTAATAAGTTAAGGTTGCAGACGG	374	459	1083	844	1590	980	1005	1377
GTTGTCCGCCGTCATTGGCTAGAGC	880	853	1374	2744	2186	1610	1691	1825
GTTTCGATCAATCCCTGATCTACGG	6	41	70	44	150	93	89	14
GTTCTCGGGCACACCGCCATCTAAA	3	20	33	14	28	38	35	15
GTTGTATAACCAGAAAGCTTGGCCC	28	140	241	157	473	302	292	189
GTTGAGCCAAAAGAATGCGAAATCA	11	12	31	51	36	29	28	40
GTTAATCTGTAAGGTAAGGCGGTTC	904	1503	2689	3437	3688	2665	2940	3285
GTTACCTAAACTGGAGAAAGCAGGG	33	56	79	45	49	112	128	81
GTTTAATAACAAGACGGCTCTTAGT	0	3	1	2	5	8	3	2
GTTCTACCCCCGGTTGTGTCTTTAA	4	4	4	9	14	14	2	12
GTTGCCACTGACTACATGGGCCACC	132	256	335	335	591	460	465	277
GTTACGTGATATATACAAGTAAACC	29	56	99	127	132	117	97	123
GTTTGAGAATAAATTGCCAGTATGC	158	624	974	1229	1810	1262	1314	829
GTTTGGCGCTAACTCTACACCTTAG	35	40	105	109	141	114	138	86
GTTAGTCAGTTCCACGTAATAATAC	55	208	277	111	547	391	356	107
TAAAAAAATAACCGTACACGATGAT	0	32	17	31	113	57	56	15
TAAATAAACTTCATTTGCCCTTCTC	5	13	27	31	58	44	49	48
TAATTGGGAAGTGTATGTCCCCGTC	34	120	224	211	495	336	356	146
TAACGTCTTCGTCTATGTGCGTGAA	188	339	431	679	1012	771	707	800
TAACTATGAAACAGTAGTGGCAAAA	12	51	53	113	149	92	131	36
TAACTGGTTTACGCCTACGATCCCC	161	232	620	491	908	638	580	560
TAAGGTAATCGGGTGAACACGCTTT	96	159	431	324	680	320	466	570
TAAAGTGATGACCAAAAACAGCCAA	4	13	56	44	56	58	31	59
TAACAGAGTTGATATATCGGTTAAG	1	16	30	27	57	44	48	107
TAATTTACCCAATTACATACAGTTA	7	21	33	22	100	85	53	21
TAACTAGGATCGCCGCGAGATTTTG	13	143	106	126	347	303	291	121
TAATGCACCTGCTACCATGCTACCT	54	97	91	203	195	143	178	134
TAAATAATTACCTCAGAGCTCCCAC	0	5	6	4	31	29	16	12
TAATTGAGCGAAAGCATTTATTGGG	4	119	135	108	426	279	261	38
TAAAACTCTACTCACTATACAGATT	0	11	11	13	37	20	23	14
TAAGATCGTCCGCTAAAGTCACAGC	118	295	515	655	1062	793	795	716
TAAGTAGTATCGTGATGATAATCTA	6	65	153	133	241	168	197	29
TAAACTCCCCGCCTGCAAACGAGCG	33	137	186	369	461	383	319	286
TAACACCATCCATAATAGGCGTTAA	1	11	16	23	26	19	30	9
TAACCGGCACTATGAGCAGAGACAA	4	3	7	7	8	30	6	21
TAACCACTTGCTTCATGATCATAAC	1	12	16	14	16	20	18	20
TAAAACCAACGCTAAACACGGAAAG	1	2	2	9	9	12	5	15
TAAGTAAAAACACATGAGCAGAAAC	1	5	23	4	28	34	22	6
TAACAGAATCGCAATTGAATGTTTC	0	2	11	15	14	12	19	16
TAACAGCGCCAGAGACTCTAAGGGG	122	404	430	1141	1103	960	978	997
TAAACACTATAGTGACACGAATCGG	40	105	179	180	280	202	171	146
TACTGAACCCCCCCATGTGCCGAAC	68	235	412	436	597	776	647	426
TACGGTCGATACGATCCATGTATTT	93	219	315	294	621	457	411	132
TACCAAACAAGAAAAAGTGATAGCA	13	156	189	118	443	401	320	167
TACTGACTCCTGGGGCTAAGCACCA	35	132	151	207	291	291	299	182
TACTTAGGGGCGATCAAATCTGGCC	7	15	44	5	68	76	56	43
TACTGATGCGAGGCATACCAGCCTA	258	357	721	573	1091	885	970	1326
TACTTTTAACAGTTATTCCTGAAGC	3	26	27	71	134	126	69	37
TACCTCATGTCCGCGTGTTTTTTGA	39	241	205	258	600	507	389	445
TACTGACCTGCCCCCTCATAAATTC	10	63	107	72	143	153	126	131
TACGCGGCCTGAGCGTGAGCTTTCT	144	264	333	606	684	566	522	279
TACGTATTTCAGGCCGAATGCCGTT	0	4	1	4	8	11	2	1
TACACTAAGGGAAGTTTGGCAACCT	126	310	501	593	922	605	580	459
TACCGTACCCTCAACGTGTCTAACG	194	401	671	925	1184	853	856	449
TACATCTACCCACGGTCAGCTTTAT	3	19	8	49	68	50	50	46
TACTAGACTGCAGTGGACGTCTACC	13	36	32	92	85	93	42	63
TACTGCGCTTGACTGATAAGGGAGA	16	34	82	43	59	61	61	78
TACACTTACCACAGCAATAATGAAG	14	38	51	81	104	112	87	121
TACCTGGCTTGCATAGTGCAGCTAC	21	110	125	109	312	209	216	62
TACCAGGATTGCCGATTTTATATCA	1	1	3	0	7	8	3	6
TACAGGAGGGTTCCCCGAAGGATTA	0	1	12	11	27	10	23	13
TACCGCGTCTTCTCACAACGCTTAA	12	21	8	16	46	34	43	23
TACCATTAACTATAACGATTAATTT	0	39	43	29	129	99	115	49
TACCGCCTATGTTTCTACAACAACC	101	299	668	817	887	693	693	509
TACTGTATAAAGGGGACAACTTGTG	40	104	197	164	287	205	232	155
TACTGATTACGCGGGACCAAGTCTG	22	44	77	89	120	90	90	113
TACCCCCAAGACTGCCTAGAAGTTT	11	103	80	159	330	367	211	96
TACATAACCAATTTGTTATTGAAGA	19	89	122	127	288	254	226	367
TAGGGCCAGAAATCAGGATAGTGTT	72	126	327	257	539	391	320	225
TAGGCCGAAGCCCGCAACACCCCAT	49	148	421	184	506	331	315	318
TAGACTAAGTATAGACAGGAGAGCT	17	84	182	296	320	267	277	247
TAGACTGGAGATTGCGGGGGTTGAT	26	123	126	153	399	273	309	155
TAGTTTGGTACTCATTCACCTATTA	33	151	201	408	579	354	414	143
TAGATCACGCGCCTCAAGCCTACAA	151	288	474	533	814	567	614	466
TAGGCCTTGCAGGTGAACAACTATC	77	155	348	349	580	471	512	486
TAGGAAACACCGGAGAGTTGTCGCA	51	144	219	297	355	264	273	217
TAGAACCCGTAGTTAGCACGATTTT	35	246	426	365	979	714	584	356
TAGAGTGCCAAGCTCCTATGCGGAG	7	29	31	38	78	50	61	38
TAGCTGCCAAGGGCCTGAGTACGGG	15	19	44	43	105	71	52	19
TAGGACGAAGGCAGTTCGCACGGGC	237	211	636	436	634	513	486	570
TAGCCAGTTCAATTGGATGCTCTCG	138	499	660	981	1235	875	955	845
TAGACTAAGCTAAGTGCACGCACTG	1	4	2	7	6	6	4	1
TAGTGAATATTTTTTCTATAGGGGA	0	3	6	14	52	38	33	8
TAGATGTTCAAAGAATAGTCAGTAC	5	31	24	17	58	48	68	30
TAGCATATGAGAGCGCTCGCAACCC	5	8	20	7	36	13	21	8
TAGTTATTCCGGCCTGCGTCTGTAT	2	6	6	9	13	5	4	0
TAGCCACTGTGTAGCCGCCTGGCTC	8	13	2	18	19	6	8	31
TAGCGCGTAATTACACAGCGGTCTG	3	9	5	19	39	22	11	6
TAGTAGCACACCTGTGTATATAAAA	4	46	37	56	207	161	134	42
TAGGCTTTGTTTGATGTTCAAATAT	6	80	96	117	204	174	229	89
TAGACGTGACGCACACCTGAAGGAT	43	38	152	21	115	80	55	251
TAGAACGCGGTAACCTAGATAAGCA	118	195	421	382	657	431	514	439
TAGATACCGTTTAGATACTTATATG	18	207	365	263	627	378	561	544
TAGAATACATGTAAAAAGACTATTA	0	25	34	41	155	135	136	29
TAGTTCAGTTGTATACGAGAATTGC	4	18	22	39	68	31	28	26
TAGTCCACACGACTTCCGACAAGCA	51	57	154	86	108	142	145	91
TAGTTCTAACCTGACTGTGGCCAAA	27	47	118	133	213	163	164	141
TAGTACAGAAGTACCGAACCAAGTC	0	10	8	6	24	11	11	0
TATGGGCGTGTTATAGGGCCTGTGG	113	298	603	619	960	710	729	888
TATAAACTCTAAGCTGTGACGGACG	13	71	106	90	186	127	166	90
TATAATTTGCAGACTCTCGAGGAGG	0	7	0	5	8	9	15	1
TATCTTCCTCCTAAACAATATTTAG	18	97	128	175	383	287	292	262
TATGGCTGCGAAAGCTATCCCATTG	26	36	123	42	198	156	131	48
TATGTTAAAGGTAATTGAGTAGGAC	0	1	10	5	16	3	5	4
TATACTAGCGCGTGTAGCACAATGG	67	206	353	321	895	651	500	124
TATCGTTGCGCGCTAACAGAACCGT	26	59	136	100	189	155	161	62
TATAAGGTCTGGTGAGCGAACAAAT	1	9	8	18	52	33	20	3
TATGCTACCCGTACGCCGGGCTGCA	4	3	12	4	20	8	8	4
TATAGTTGGCTGTTCCTGCGCAAAG	11	39	36	36	124	84	63	62
TATGGACGACGTTGCGTGTGCCCCG	48	69	175	114	217	173	169	148
TATTAAGGTCCACCTGTGTATCTTA	7	42	83	54	141	119	132	74
TATTATACATTGATATTGCTCACAC	3	10	13	39	79	34	23	25
TATCATCGCCTCCGCTTGCCCTAGG	20	119	122	147	465	326	323	129
TATAACCTGCTGCAATTACATAACG	1	9	1	3	16	11	9	0
TATACGACACCTCCGGTGTGCTCTT	3	17	27	33	122	55	85	14
TATCGAATAGAGATTTCTGCCAGTC	3	21	33	39	71	48	49	33
TATTAAAACAGCCTACCACGTACAT	7	41	66	67	133	94	91	59
TATCTGTCATAGAAAGACGACGACG	73	263	320	622	857	638	693	670
TATAATATCCCTTAACACTATTAAG	12	174	253	241	677	612	603	331
TATCTCATCCGAACGCAAATTTTAC	12	165	138	190	485	494	297	173
TATGGCCCATTCCAACCATCGTGTA	95	181	489	244	389	283	468	615
TCAAAAAGGGAAATTCTAACGGATT	6	120	149	182	494	426	289	123
TCATCCTGGGTATCGACGCAGTCCC	88	127	246	242	406	300	221	184
TCAACTGAAAACGTACCGTGTACTA	99	271	398	526	747	628	623	603
TCATCCAATACATAAGCACCATTAG	76	342	677	634	961	792	642	803
TCACCTTCTTGTATGAAAGCCTACG	18	65	55	97	241	166	195	89
TCAGCGTGCCGTTTATTGGACGTCC	27	82	141	145	244	168	222	151
TCAGCTATGTACCCCTGTATCGATT	5	24	18	17	50	24	33	18
TCAACCTAACAGATACTTATGACAA	64	204	259	334	537	433	363	321
TCAGAAAAGAATAGAATCCGACTAG	4	68	40	79	248	216	183	92
TCAAAACATGGGTGCGTCGCAAAAA	182	715	1167	1268	2184	1805	1402	972
TCAGTTCGTCAAGTGGTAAACTCCT	110	193	456	432	620	321	405	455
TCATGTTGTCTAAACCGCACAACCG	89	101	191	238	225	232	247	197
TCAGTAACGCGCTCACGAAATACTA	2	13	8	20	27	18	44	22
TCAATCTCATCCATCATGAACCCCA	3	11	2	23	32	34	25	20
TCAAGCCTTCATTACGGTCGTACTA	3	12	8	6	42	27	17	14
TCATAGATCACGAAAAGAAGTTCGC	17	69	125	153	242	183	205	256
TCACCCGAACAACGATCACTTCGGG	50	135	342	240	350	272	230	180
TCAACTGTAAACATTGCACAGCGAT	36	130	183	170	334	220	236	217
TCAGTAGGTCGATAACTACACTCCG	245	925	1364	1261	2491	1742	1868	704
TCATACCATACATACTGGCACGCAG	15	32	51	43	106	86	90	23
TCATGAGGGCTACCTAGAGATTACG	104	258	405	449	529	477	410	328
TCATAGGAAATCCCGGTAGGATGCA	10	42	55	68	131	120	109	72
TCAACGTTGGCATTACACCCTCCTT	15	55	81	157	110	131	153	68
TCATGGCAATCCCTTAAGCTCGGTT	132	531	849	833	1607	1074	1190	608
TCAATCGTTCGGCAGTGATTTGAGC	4	8	13	14	28	16	29	25
TCAGGATAATCATTAAGGACGCCGT	264	1145	1673	2062	3784	2587	2617	1544
TCATATACTTAAACCAAATATAATT	0	6	2	5	18	20	11	4
TCACCTACGAGTACATATCAAGGGC	52	99	214	126	234	169	207	179
TCATAAGCGCAGATATATCCTCCCA	12	115	204	230	609	404	388	115
TCATGGTTAAAGGCTCGGCCCATTT	5	55	98	48	159	102	95	40
TCCGCGAAACACAATGCTGGAGTAC	3305	4248	13019	4731	11069	9696	8911	13500
TCCCTGCCATCGCAAGGGGGGATAA	22	77	94	103	149	136	171	102
TCCACTACACCAGCCTTCATAGGAG	78	176	250	475	481	398	396	487
TCCCAGTCGCAGTGTTTCTCAATTC	3	97	128	165	377	302	235	65
TCCGAGGCGTGGGTTGGTAAACGGG	188	347	961	384	897	818	718	1280
TCCCAATGAGCCGGCCTCTTGCAGA	2	16	11	18	38	24	21	19
TCCTATGAATGTTAAATCCACCCAG	3	44	58	25	179	149	112	23
TCCCCTGGTGCCAGGGCCCTTGGGT	16	115	218	246	459	340	359	109
TCCAGATTAATCCCTTAATCTCCCT	1	2	4	1	8	1	5	0
TCCTGCCACTGCGTCTTTACATACC	38	94	150	166	274	278	222	175
TCCCGAAGACAAAATTTAGGCGTGT	5	61	64	68	138	173	124	75
TCCACCTCTCCACGAGTGAACCAAA	2	14	7	17	28	26	18	3
TCCTTGCGCGGCAACTTTGGTATAC	4	28	58	68	127	79	100	68
TCCTCTACCAATGTTTATCGAGTAA	4	73	58	134	222	170	231	117
TCCTCGTATGGTTCATGGGAAAGTG	10	30	42	38	102	55	66	49
TCCTTATTACTTGAGGCGTCTGACG	45	46	127	147	283	199	152	268
TCCGCGTCTCTCACTACACCGGATT	47	113	213	186	416	359	330	173
TCCATAGGCGTGTTCACGCGACGTT	91	386	399	470	1253	859	915	335
TCCTCTCGAATGTACCTGCGAAGTT	16	112	79	139	335	295	214	163
TCCGCAGTACCTTAACTGACACGTA	16	15	21	38	78	39	58	23
TCCAGCTACTAAAATGTTGAATCTG	26	195	168	399	446	389	449	480
TCCAGGAGGAATTATACGGAAATTT	0	13	11	16	39	48	34	24
TCCGGTGGCAACTATTATCACGTGG	23	129	278	281	365	343	279	77
TCCTCGCCCAGCATGGGGCTGTGTA	12	47	44	47	123	85	93	22
TCCCAAAGAACCCCTTGCCCCGTTT	3	7	3	7	34	14	16	3
TCCACGATGCTGAAGCAGCAAATAT	35	102	208	249	310	247	265	285
TCCTTTCTTGACACGCAACGGATAT	100	344	793	598	1230	929	849	849
TCGGCCTCGGGGATTGACCGATGCG	211	357	604	411	923	712	657	510
TCGGGCACCGTTTACTCTTATTTGC	212	445	1038	807	1760	1267	1005	668
TCGCGCTACGTTCACCTGGGTTTGG	346	576	1240	1674	1553	1070	1005	1243
TCGAGGTGTAGAAAGAGTTGGTTAG	31	233	531	381	846	554	628	252
TCGCTGTAACATTGACCTTCAAATA	50	163	272	185	340	270	304	312
TCGTACCCGTATTTGTATTCGAAAG	55	260	601	519	849	722	706	201
TCGAACGAGAGCCATTGGGTATTAC	19	104	123	241	284	231	255	182
TCGTTCGCATACTGTCTTAACGACA	50	120	275	305	404	266	373	180
TCGCGCTTGCTTCGCCGGACAGCCC	5	7	15	4	25	10	9	14
TCGCTGGTTACCTTATAGATGATGC	51	237	327	446	673	556	537	93
TCGACAAGACCACTGACAATATCCG	114	222	424	440	760	479	518	444
TCGGATTTAGGTTCTCGGAGACCCT	0	3	3	6	5	4	12	5
TCGCATCGTTAGCCGATAGACGTCC	537	792	1405	1649	2180	1555	1461	1345
TCGGGAGGGTTACTGTTGCTCGCGT	2	4	12	9	27	6	10	8
TCGTAACATCTATAAAATTGCCATC	14	74	71	190	276	182	180	158
TCGCCGATCGCTCATGCCCCTAAGT	97	235	352	478	687	572	607	413
TCGCTCTACGCCAGATATACGACAT	103	210	356	412	638	405	399	437
TCGCCATCCACAGTCCGTTTGCATA	82	145	219	399	441	350	364	372
TCGTGCAGGTCTCGATTGACGTCAG	265	229	578	608	716	539	414	499
TCGCGGACCCACTATTATAACATGC	22	102	218	208	353	306	314	134
TCGGACCAATACCGTGGTGCTTTGA	25	115	192	85	290	222	201	44
TCGTCACAGATTCATCTCTGAATTC	38	154	317	227	453	426	322	108
TCGCATACGGTATCGCCACAATGGT	72	47	128	156	169	106	107	138
TCGTCCTATTTGTGACTCGTATGTT	5	10	14	3	16	11	16	6
TCGGGGTGATGCATATACACGCGTT	24	35	81	43	121	105	80	72
TCTCCAACCCCCCAGTCTATGATTT	1	21	39	30	101	116	91	10
TCTTAATAGGGGGTAGAAAAGCAAG	2	36	53	49	157	137	126	87
TCTGTTGACACGAGAGTGCAATAAG	11	46	47	50	114	82	81	84
TCTCGCAGATAGTGTTACCGAAACG	7	4	6	0	11	17	8	10
TCTACTACAGGTGCCGGGGTTGCAG	5	12	17	45	63	30	37	41
TCTACCGTGTAGTATCGACGACCTT	11	50	167	154	192	152	168	117
TCTCTGATATTCAGTAAAAGGAACT	2	30	36	26	153	132	121	60
TCTAGGCACGTTCACTAGGCTAACT	3	5	22	10	43	26	40	5
TCTGTGTGCCACTCGTCTACGGTTA	18	70	110	88	201	139	142	109
TCTAGCGGGGAATCGCCTTAACGTA	2	2	6	6	18	18	17	8
TCTCAGGATGCCAAATTACCCTTTT	0	5	16	5	9	13	11	7
TCTAGAGCTCCGTTTTGACATTTAG	6	97	131	151	457	398	267	161
TCTTGATCATGCTGTTGACCTCTAT	3	64	47	56	156	121	99	18
TCTTGCCTCCGGAGACATGAACGGA	150	309	638	587	1122	769	802	1319
TCTACAATATCCCTAGGGGGTCCTA	0	3	5	5	13	8	10	3
TCTGAATGAAGGCGTCATTAACGCA	13	32	39	95	94	70	76	59
TCTAAGCCTTCTAGCTTTATCATGA	3	6	8	20	55	26	23	40
TCTGTCACCCTTATGTCTGCCCGTC	29	81	89	115	248	208	181	101
TCTATTACTTGTCCGGGCCAAAAAC	6	40	40	78	100	111	86	64
TCTTAAAGTGGAGGCCGATACCACA	55	234	240	298	633	594	603	371
TGATAGAAGTGAATCATCCTCTTTA	72	534	848	794	1978	1463	1382	956
TGAGAAAAGTAGACGGTCCGTCGGA	4	33	45	69	175	109	96	11
TGAGGAGAAGGGAAAAAAACCCCTA	1	69	85	74	264	323	202	113
TGACGAATGTACGAGTACCATTTGT	81	185	398	166	407	288	339	538
TGATGGCTTGATTTAATCTATCCCC	109	378	638	724	1428	1098	1076	767
TGATGCTTCTCGGTCAATGATGAAA	195	570	1143	1351	2327	1417	1510	1029
TGAAGAAAAGAGTGTCGGGTCTGGT	9	65	203	121	243	230	149	144
TGATAAATCAGATGATTCAACTGCC	15	80	95	122	241	193	144	87
TGACCCAGCGTAAAGTCTCCAACTG	254	1002	1563	1843	3827	2558	2069	772
TGACTGATACCGGCGTCCTTATACA	7	22	61	16	69	46	39	73
TGAACCACTCATGCCTCTGAGGGAT	2	33	79	73	121	97	110	30
TGAAGTCTTTAACTGCATCGTTTAC	1	14	18	37	32	26	24	14
TGAATGTCTGCCACATATAGATTTG	5	52	52	104	220	137	136	77
TGAACTGAGATATTCGGAGTTATTG	99	303	488	331	661	726	729	1390
TGATTCTCCACCCCGTACACCTCAT	0	1	2	0	4	2	6	4
TGAGTATCAGTTTATAGATACGACA	72	258	478	480	810	659	606	593
TGAATAATGCGGGATTCAACAGTGA	3	24	26	45	97	62	45	5
TGACTCCATATTCTTCGGCTCCGAT	41	180	200	216	393	329	273	287
TGAGTGCCGAGACCCCCTTGACAAA	42	79	181	116	280	190	179	105
TGAACAGTTCGCGACTAATCATATC	6	43	99	114	132	110	117	116
TGATTACTCCGGGGCCTTTTTACGA	0	9	6	13	43	41	22	12
TGATTTTTTTGGTAATAAGCGAGCC	0	2	8	4	15	9	7	8
TGATGATCCGCAGCATGAAGACGAT	111	226	380	616	791	491	497	415
TGAATATGTGAAATTCTGGGCTAGG	3	6	13	13	25	25	11	13
TGATCACGTCACACATCGGAGTGGT	14	14	25	13	34	26	48	34
TGATACTAGCTCCCGAGGAATGTCT	17	60	85	125	178	149	173	91
TGAACACATTTACTACAATCCCGTT	1	3	8	26	12	4	12	7
TGACAGCATCGTCCTTGGATTTAAC	44	114	294	261	448	267	320	199
TGACCAGGAACGAGGTATTCGTCGC	250	147	468	266	535	343	343	420
TGAAAGGAACAGACAATATCAGGCC	15	53	87	97	167	150	120	67
TGAATGGCCCGTCATTGCGAAGTCA	13	16	53	22	67	26	42	34
TGACTCTCATGTCCTATATTCTGCG	0	3	6	7	7	8	13	5
TGAAGCTCAACCCTATCAACATCGC	46	140	91	242	326	289	286	316
TGCCCTGGAAAGGGCTATTAGAACA	11	58	53	34	141	70	70	26
TGCAAGACGAAGTCACGCTGCCCGA	477	804	1580	1182	2109	1666	1661	1646
TGCGGTCAACCCAACCGGGACTGGA	242	758	1294	1615	1768	1486	1385	1124
TGCCGAGGCCGTATAGGTTTCCTCA	21	105	191	204	376	347	269	188
TGCGAGGGAGCTGTACTTTAGACCA	283	564	518	1526	1177	1146	1151	2358
TGCGTAGCTGTGAGACCCGTAATGT	326	589	1329	1021	1699	1339	1280	549
TGCAAGCAATTACCTAACCGTCCAT	49	89	209	238	239	209	183	407
TGCTACTAATTCCCATGCGCTAAGA	2	8	4	6	25	9	25	7
TGCGGTTCTCAACAAGCGGGATGTC	21	101	190	242	317	250	271	108
TGCAGACAACAAAACCCTTTCCTCG	23	166	245	216	520	509	382	125
TGCAATATAGACGTACCTCTCATAC	79	159	234	233	413	331	359	255
TGCGAAGACCATCACAACAGCACCT	62	149	350	270	426	375	437	326
TGCGTCTCCACAAAATTGCCCGTCT	6	3	3	2	5	8	6	0
TGCCAATGGGCCATTACCGCCCATA	7	56	33	37	115	120	65	39
TGCAAATCCTATCCGTCTTTAATCT	1	19	19	13	51	62	47	8
TGCTCGAAAGCGAGTGACACACCTC	80	219	326	290	522	406	472	517
TGCACCTTCTCTACTTGTTGTTTGT	8	46	69	71	185	148	134	23
TGCCAGATTAGGCCAACAATTGACA	16	38	45	70	90	57	67	49
TGCCATGGTCCTGTTGCTTGGCATA	72	210	378	360	714	571	482	210
TGCCGAGGTAGTTGATGTGTAAGAT	43	266	277	532	648	566	519	159
TGCCCAAATCGGCATTCCGAGGCTC	1	18	20	22	113	56	71	43
TGCCTTGGACCTAAACACCTGCCAC	112	222	444	468	685	668	584	511
TGCTCCGCTTGGGCTTCTCGTAATG	13	57	92	64	203	137	142	97
TGCAACTATGACTCCTATGCCCTAG	29	50	65	82	182	115	115	94
TGCGCAGCAGGTCCTCCGAGATGTA	26	125	150	112	250	219	164	62
TGCATTCTCAATCCTAACTCAGTTA	73	193	269	371	703	518	519	373
TGCAATTGCCTGGACGCCTACAGGG	70	85	211	190	322	297	251	106
TGGGTTCCAGATCTTTGGAGTTATT	10	124	145	331	477	398	386	194
TGGGAAATTCCCTAATGTGTTTACT	24	243	489	405	824	671	802	617
TGGTGGCTTTAACAACGGGGAAAAC	29	98	144	126	286	209	229	135
TGGGCGGCAGATGACCAAACCAACA	92	171	283	282	451	274	327	118
TGGATTATAACTGCAACTCTGATAA	7	25	41	62	125	77	111	66
TGGCTAAACTGTCAGCGTTAAAATG	3	16	24	22	35	23	14	22
TGGAAGTATATCAGCATGACAGTCG	2	18	11	14	32	21	23	1
TGGAACAGGACCAATTTGTGACGCG	80	100	214	122	251	277	305	309
TGGCATGGGCGCAATCTTAAACTAC	60	157	366	348	599	509	419	428
TGGGAGGGAAGTATAACGTCAGTAT	6	9	57	13	31	14	19	77
TGGGGATATCCCAGAGGTAAACAAC	17	69	143	197	222	185	146	140
TGGCGGCCGAGCCTTGTGTAAACGT	0	2	5	0	4	4	6	8
TGGGAACTAAAGATCCACTCTGGGG	5	30	55	79	97	57	70	79
TGGACAATCCCCAGAGTGACCTCAA	29	80	137	126	213	205	192	208
TGGAGAGGACCCTCTACGGCAGATC	23	72	115	133	183	132	146	146
TGGTCCCGTCCTACGCAGACCGGTC	2	32	33	37	73	68	82	11
TGGACTGAGCACCGACAAGATAGAT	5	21	32	11	43	45	40	19
TGGTGATCTGAAATACGCAAGACCG	41	70	170	98	247	215	226	331
TGGCAGTGAGCGAGGTGTCCGGCCA	190	282	408	385	775	637	543	378
TGTGTTCTCCCTCCCCACCCGCTTT	51	109	268	278	486	336	535	336
TGTCACTACGGGCATCCTTTCCAAT	50	87	180	146	238	193	216	332
TGTCAATTATGACACCCAGTAACCC	145	457	626	1059	1337	997	1115	722
TGTCATCTGTAAAACCAAGCATGCG	225	400	791	928	1292	1112	894	833
TGTAAACCCGAGGGATGTCCGGCAG	31	55	124	235	157	110	128	171
TGTAGTCATACAATTAGAACCGTTT	57	350	531	934	1060	885	884	839
TGTACCCCGATATCGGAGGGCGTCT	6	31	44	54	121	90	87	9
TGTGGAAAACAGCACCCCAAATACT	2	16	11	7	29	24	17	4
TGTTTCCGCAGATAGCAGAAAGTAC	48	187	316	362	631	579	545	177
TGTTTGTATTCCGACATCCCTTACA	11	24	28	62	81	69	73	31
TGTAGATCCCGTACTCTGACGTCCC	12	23	53	6	86	67	76	19
TGTCACTCGCGCGCCTACACTATAG	306	282	839	796	1146	768	787	757
TGTGTACTCTTATTGGGAACAGACG	1	5	4	1	8	2	6	0
TGTACCCGTTCTCATGTTCAGACGA	54	172	254	359	434	323	305	289
TGTGCCGTCAACGACCATATCGGTA	17	31	127	92	139	93	78	55
TGTAGTTGTTGCTCATAGAAGTCAG	105	173	346	442	644	445	472	437
TGTGATGTGCGTCAGTTGATAGAAC	67	165	276	308	431	313	406	316
TGTCGACCTAGGCCAAAAGTCTTTC	26	27	261	131	182	179	141	212
TGTGACCTCGTGTCGAATCCCAGCT	13	33	26	35	109	96	64	51
TGTGCCAAGTTTGTTCTGCAGAGTA	7	27	48	42	100	74	81	33
TGTTACCCCAAGTATTAAGCCTAGT	0	9	10	11	16	21	13	9
TGTGTGGCTTGGTCAGCCTGACACA	12	21	18	8	48	27	30	16
TGTACCCTACTTTCCACATTCCGCT	68	151	277	310	621	361	399	277
TTATAAAACTACCGCAACAATCCTC	22	326	544	578	1672	514	1209	613
TTAAGGGCTCTAAGCTCACAACGTC	11	16	9	39	59	33	35	17
TTAGAGTGTTCCACCCCCCCTATAA	1	3	11	2	40	38	23	8
TTATGACCTTCAAACGTTTTAGCCT	7	37	37	66	148	66	98	123
TTAATGTCAGTTATGCGAAGTGCGA	254	600	1277	1933	2081	1252	1651	1730
TTAATGAGGAGCCAATGTGGAACAA	11	63	134	109	245	150	167	54
TTAGTATGATTTCTGGAGCTGCAAG	9	54	62	122	188	114	103	108
TTACGGATTGCGTCTGCAACAATGC	30	85	89	78	259	173	234	36
TTATAGGACGCCGTTATGCTGCTCG	0	2	4	3	5	3	9	2
TTAATTCAAAGTAGTCTATACAGCG	5	30	45	42	91	61	77	24
TTACCCGTGTAGCACTTATGTTTAG	13	41	18	12	102	70	80	12
TTATTTGAATAAACATCCCTGAGAT	0	4	4	6	17	2	7	9
TTAATAGTCATTCCTTAAGTGCTCC	1	8	12	23	34	22	14	19
TTAACAAAGCCCTTATGTATGGTCA	6	27	90	103	244	176	160	104
TTATGGTAAACCTAAATCTCCTGGG	1	10	16	23	62	33	62	41
TTATAGATATCCGAAAAATGAATAC	0	5	0	1	5	3	2	1
TTAAAAAACGGTAGCAATGCAGTTA	3	16	15	15	70	42	40	39
TTATTGCTATGTAACTATACCTCGA	15	43	188	117	199	197	206	127
TTATCAATGACGATCCGGCATTACA	0	2	14	10	16	13	7	0
TTAAAGACAAACATCAATCGAGGGA	8	57	112	116	281	166	179	58
TTAGATCCAACTGGGACCGTAGCTC	7	23	26	30	62	57	56	58
TTACCAAATTCGTACTCACAGCGCG	31	103	156	208	298	218	245	205
TTAATAATGTTATAGGAAATACCAC	0	29	24	35	126	58	80	17
TTATGATGAGATCCAGATGTGACCC	45	109	181	188	285	233	228	272
TTACTGAATTGGATCTCATGTCAAC	95	200	265	478	615	520	520	483
TTAATGATCCCGAAGATCAATTATA	0	11	15	14	66	49	50	15
TTAGCTTTTGCTTCTGATCTTTGGA	2	3	7	24	19	19	23	33
TTATCCAATCCGCAAGATGGGACGG	56	207	239	283	628	455	430	131
TTCCCTACTATTGCCGTATAAACAC	12	59	59	93	205	131	158	97
TTCACAGGGTCATACTTATGACTAG	49	234	350	396	646	519	536	441
TTCTTATGCTCTCCCGCTCCAAGCC	39	135	181	219	521	479	449	245
TTCAGACTTGTGTAAACTCAGTATA	12	46	73	109	244	133	164	102
TTCGAGGTCCGATTTGCTGCTCAAG	4	17	14	14	53	23	31	21
TTCTACAATCCAAATTTGTGAGACG	1	7	5	8	37	31	21	3
TTCTAAAGTTTGTGCTGGGCATTCA	3	10	14	16	56	35	37	29
TTCTGCTGACTTCCTCACACCACCT	29	66	115	119	270	226	202	85
TTCTAGAGGAATGACTTCGTCTAGA	12	78	93	79	255	231	211	174
TTCACATCCTACTGGTATCCGTATA	28	104	144	195	401	273	304	225
TTCAACCCATCAATCCGTGAAAGTA	3	29	43	25	119	102	101	34
TTCTTTGTGCCTATGTCCCTCGGAC	46	116	215	237	516	342	367	346
TTCCCGTTGAGTCTTGATTTACTCG	5	22	44	36	82	89	66	23
TTCAAAACGAGTGACCAGCCACACG	13	25	59	31	107	89	73	14
TTCTGACCATGCTGAAGATTATGTA	2	4	7	24	19	22	16	2
TTCTCTGAGGCAAAAGGGTTAAAAT	17	124	156	198	467	458	316	276
TTCGCAGCGTTGCCATGCATACGGA	235	329	679	552	1005	715	824	1034
TTCATTTTCGCGTGCAGTAAAAGCA	0	9	20	26	74	40	49	26
TTCCCAGAGCATAGGGTGTATCTCA	32	225	380	259	660	474	455	164
TTCCCTATTACCGCCGGTCAGTTAC	6	22	41	53	74	48	42	29
TTCTCGATCTTTCTCATGCGTGGCT	10	50	53	182	200	142	177	273
TTCTAGGGGAACTTCATGGCGAGTC	41	103	165	316	485	315	331	493
TTCAATCCATCCTGTACCCGTAAAT	42	97	129	349	234	238	243	799
TTCCGAGTGCGTCTCTGATATCTTG	3	21	15	70	71	43	75	60
TTCCACCATCGCATGAGTTATTATT	30	102	146	267	580	353	331	163
TTCCCACCGATTATTACCTACCTTC	12	16	39	42	84	56	50	70
TTCTGTGTGAATCGATAGGGATGTC	19	62	92	129	211	151	171	133
TTCCCTCTCCCCTCGTCGAGTGTTC	3	35	81	67	155	158	127	155
TTCATCAGAGGTATTTAGGCCCCTC	2	17	21	18	24	22	25	21
TTCATATAGAAGGCGTTCGGTTACT	4	27	42	107	172	103	136	111
TTCAGAATCCCTTTATGCCCTTCCC	6	29	79	54	155	107	101	66
TTGAAACCCCGGTTTGAACTCAGCT	13	78	119	180	363	243	252	135
TTGCACATAGATACTTGTACTAGCA	576	1446	2312	3225	3979	3395	3075	2687
TTGCTGGAGCAAGAGAGTCGCGCCA	21	61	101	169	195	210	133	120
TTGCCAGAACTCCAAAACAAAAGCT	0	6	2	4	9	11	7	1
TTGCATTATTCGACGCAGAGATTTG	3	10	3	14	45	24	13	5
TTGTAATGGCCGGGATACCGACACC	29	72	70	117	133	107	133	166
TTGATAACCACCGTTCAAATTAGGC	26	78	150	139	287	186	199	96
TTGTTATGTGATGTCCAAATAACTA	11	59	91	101	206	187	156	106
TTGGTCAACTGTCTTACTTGGAAGG	96	270	642	516	852	604	604	338
TTGACGTTTGAGTTTTATGAATAGT	0	4	3	10	14	8	10	2
TTGACCTGAGGATTTCCTAGTTGAT	23	204	243	368	671	499	540	212
TTGAAAGGTGATGGGCCGGAAAACT	19	65	112	127	265	182	194	36
TTGACGTTTTACTCGGTCTAATAAT	1	3	7	7	17	8	9	4
TTGATAGCTCCTTAATCGTGCGACC	114	240	383	416	794	541	659	396
TTGCGGCCAACGATCTGAGCCATAG	33	44	96	56	137	129	111	70
TTGCCGTCGAGAGGCATGCTACAAT	179	369	669	823	1132	925	772	763
TTGGCAGACTCTGACATAAGAATCC	25	67	110	113	201	141	154	215
TTGAGAAACTCCGTCTCGTTCACCC	1	2	2	1	12	8	6	0
TTGTGGTCCCGGGATATACCTCCCC	90	263	628	530	1482	831	919	209
TTGAACACGCTCACAAGTATGAGGC	8	18	37	15	67	60	42	29
TTGCATATGGGTCTTCCTGAATCTG	1	2	9	11	16	18	7	21
TTGTGGCGGACCTAGGGCACTAACA	174	65	681	442	725	667	597	514
TTGATACCCTCTTAAATTCAAGTTT	2	6	11	17	36	36	26	32
TTGTGAGCGTCACATAGTCCTTCTA	24	58	139	149	265	161	192	89
TTGTTGGCAAGTATGCGAACAACAC	79	127	368	416	355	259	313	392
TTTGACAAAAGCCGTCTCCTTTTCA	7	50	94	131	222	239	220	155
TTTTTCCCGACAATGTATATCGGCG	4	12	14	34	65	22	21	11
TTTGCCGTAAAAAAGCCACAGGATT	2	6	24	17	46	41	27	33
TTTTTCCTCCTACGGCAGAGACAAA	14	28	42	75	100	107	97	110
TTTTGAAATCGGATAAAAGCCGTGG	0	25	28	28	109	102	66	32
TTTTACAGAAACAGGTTGTCAGAGT	34	184	326	357	800	584	516	494
TTTAGATCCGTCGGACCTGAATTTC	62	149	279	413	583	463	398	418
TTTGTAGCTCTGACGCCCCTAAGAC	14	44	63	72	180	143	127	43
TTTCATTTTGATGCTACCGCTCCTG	3	10	34	28	54	44	51	36
TTTGGATTGAGACCGTTAAGTAACT	17	82	119	134	350	217	217	72
TTTCGGAGAAATCTCCGTGATGCAC	5	39	51	73	157	113	93	21
TTTAAATGTAGAGTACGAGCGTTAA	3	15	15	20	77	62	81	34
TTTACCGCGCGAGTTGTGGGTTTCA	15	50	81	110	242	224	176	57
TTTGCTTTGATTCCGGCGAATGCCC	2	6	2	3	11	2	4	1
TTTGACGTAGTTCCCTTATACAGTC	63	211	408	465	854	585	577	571
TTTGTCGACGCTCCGCTTAAAGGCG	7	19	30	31	92	87	83	22
TTTCCACGCCGGGCATTAAATTTCC	0	8	11	8	73	69	40	25
TTTGGGAAACACCCAATCGTAATAG	12	39	77	48	177	101	118	82
ACAGGTATTTTTTGTGGACCACATTG	0	3	5	1	13	5	8	1
CTTACGTGGCCACATTCGCACAAAAG	13	78	97	69	195	165	141	32
GAATCTCCCCCGCAGACATACGATTG	9	4	15	7	12	14	7	12
GTCCAACGACACCATTATAAAGACCA	19	13	55	61	60	35	50	58
GTGGTAAGCCATGGACTGGTCGAACG	190	208	667	387	553	436	315	265
TAATGTTTATGTAGATCTCGGCGGCG	0	4	10	5	6	4	15	18
TATTGTAACCTCCAAAAATCCAGAAC	5	56	101	102	224	188	177	136
ACAAATAGTTATAGCACGCCCCTACCGACG	0	10	10	4	20	16	10	4
